candidate_id,source_path,x,y,z,t,frame_index,line_id,line_index,dataset_path,laser_power_W,scan_speed_mm_s,spot_size_um,grid_point_count,unique_row_count,unique_col_count,grid_cell_count,coverage_fraction,target_frame_mean,target_frame_q90,target_frame_std,target_frame_range
ambench_multiline_process_dense_csv,data/interim/ambench/2022_single_track/AMB2022-03/ambench_multiline_process_temperature_a100_sxm4_40gb_v1.csv,0.000000,0.000000,0.000000,0.000000,0.000000,Line_0_1,0.000000,ThermalData/Line_0_1/Signal,285.000000,960.000000,67.000000,65,60,2,120,0.541667,1081.368095,1091.820195,8.734341,35.483943
ambench_multiline_process_dense_csv,data/interim/ambench/2022_single_track/AMB2022-03/ambench_multiline_process_temperature_a100_sxm4_40gb_v1.csv,10.000000,0.000000,0.000000,0.000333,10.000000,Line_0_1,0.000000,ThermalData/Line_0_1/Signal,285.000000,960.000000,67.000000,78,30,15,450,0.173333,1225.995917,1450.559463,129.911570,381.100273
ambench_multiline_process_dense_csv,data/interim/ambench/2022_single_track/AMB2022-03/ambench_multiline_process_temperature_a100_sxm4_40gb_v1.csv,20.000000,0.000000,0.000000,0.000667,20.000000,Line_0_1,0.000000,ThermalData/Line_0_1/Signal,285.000000,960.000000,67.000000,48,19,8,152,0.315789,1231.276235,1450.559463,147.401798,383.299643
ambench_multiline_process_dense_csv,data/interim/ambench/2022_single_track/AMB2022-03/ambench_multiline_process_temperature_a100_sxm4_40gb_v1.csv,30.000000,0.000000,0.000000,0.001000,30.000000,Line_0_1,0.000000,ThermalData/Line_0_1/Signal,285.000000,960.000000,67.000000,56,22,9,198,0.282828,1219.755384,1450.559463,147.194620,377.550367
ambench_multiline_process_dense_csv,data/interim/ambench/2022_single_track/AMB2022-03/ambench_multiline_process_temperature_a100_sxm4_40gb_v1.csv,40.000000,0.000000,0.000000,0.001333,40.000000,Line_0_1,0.000000,ThermalData/Line_0_1/Signal,285.000000,960.000000,67.000000,53,20,9,180,0.294444,1225.824118,1450.559463,147.001859,378.249240
ambench_multiline_process_dense_csv,data/interim/ambench/2022_single_track/AMB2022-03/ambench_multiline_process_temperature_a100_sxm4_40gb_v1.csv,50.000000,0.000000,0.000000,0.001667,50.000000,Line_0_1,0.000000,ThermalData/Line_0_1/Signal,285.000000,960.000000,67.000000,48,22,9,198,0.242424,1229.636341,1450.559463,147.941335,382.560493
ambench_multiline_process_dense_csv,data/interim/ambench/2022_single_track/AMB2022-03/ambench_multiline_process_temperature_a100_sxm4_40gb_v1.csv,60.000000,0.000000,0.000000,0.002000,60.000000,Line_0_1,0.000000,ThermalData/Line_0_1/Signal,285.000000,960.000000,67.000000,49,25,8,200,0.245000,1227.970942,1450.559463,145.507186,384.796574
ambench_multiline_process_dense_csv,data/interim/ambench/2022_single_track/AMB2022-03/ambench_multiline_process_temperature_a100_sxm4_40gb_v1.csv,70.000000,0.000000,0.000000,0.002333,70.000000,Line_0_1,0.000000,ThermalData/Line_0_1/Signal,285.000000,960.000000,67.000000,53,25,8,200,0.265000,1221.857412,1450.559463,142.431234,372.803708
ambench_multiline_process_dense_csv,data/interim/ambench/2022_single_track/AMB2022-03/ambench_multiline_process_temperature_a100_sxm4_40gb_v1.csv,80.000000,0.000000,0.000000,0.002667,80.000000,Line_0_1,0.000000,ThermalData/Line_0_1/Signal,285.000000,960.000000,67.000000,61,26,10,260,0.234615,1207.711320,1450.559463,141.674750,382.560493
ambench_multiline_process_dense_csv,data/interim/ambench/2022_single_track/AMB2022-03/ambench_multiline_process_temperature_a100_sxm4_40gb_v1.csv,90.000000,0.000000,0.000000,0.003000,90.000000,Line_0_1,0.000000,ThermalData/Line_0_1/Signal,285.000000,960.000000,67.000000,56,25,9,225,0.248889,1212.619131,1450.559463,146.746385,385.554586
ambench_multiline_process_dense_csv,data/interim/ambench/2022_single_track/AMB2022-03/ambench_multiline_process_temperature_a100_sxm4_40gb_v1.csv,100.000000,0.000000,0.000000,0.003333,100.000000,Line_0_1,0.000000,ThermalData/Line_0_1/Signal,285.000000,960.000000,67.000000,53,23,8,184,0.288043,1221.650037,1450.559463,139.922657,385.554586
ambench_multiline_process_dense_csv,data/interim/ambench/2022_single_track/AMB2022-03/ambench_multiline_process_temperature_a100_sxm4_40gb_v1.csv,110.000000,0.000000,0.000000,0.003667,110.000000,Line_0_1,0.000000,ThermalData/Line_0_1/Signal,285.000000,960.000000,67.000000,52,24,8,192,0.270833,1226.959102,1450.559463,142.204529,383.299643
ambench_multiline_process_dense_csv,data/interim/ambench/2022_single_track/AMB2022-03/ambench_multiline_process_temperature_a100_sxm4_40gb_v1.csv,120.000000,0.000000,0.000000,0.004000,120.000000,Line_0_1,0.000000,ThermalData/Line_0_1/Signal,285.000000,960.000000,67.000000,56,23,9,207,0.270531,1213.096749,1450.559463,146.906091,384.796574
ambench_multiline_process_dense_csv,data/interim/ambench/2022_single_track/AMB2022-03/ambench_multiline_process_temperature_a100_sxm4_40gb_v1.csv,130.000000,0.000000,0.000000,0.004333,130.000000,Line_0_1,0.000000,ThermalData/Line_0_1/Signal,285.000000,960.000000,67.000000,48,23,7,161,0.298137,1242.300173,1450.559463,140.652636,381.100273
ambench_multiline_process_dense_csv,data/interim/ambench/2022_single_track/AMB2022-03/ambench_multiline_process_temperature_a100_sxm4_40gb_v1.csv,140.000000,0.000000,0.000000,0.004667,140.000000,Line_0_1,0.000000,ThermalData/Line_0_1/Signal,285.000000,960.000000,67.000000,46,23,8,184,0.250000,1236.679392,1450.559463,145.505286,384.796574
ambench_multiline_process_dense_csv,data/interim/ambench/2022_single_track/AMB2022-03/ambench_multiline_process_temperature_a100_sxm4_40gb_v1.csv,150.000000,0.000000,0.000000,0.005000,150.000000,Line_0_1,0.000000,ThermalData/Line_0_1/Signal,285.000000,960.000000,67.000000,46,23,9,207,0.222222,1225.677247,1450.559463,140.729007,384.796574
ambench_multiline_process_dense_csv,data/interim/ambench/2022_single_track/AMB2022-03/ambench_multiline_process_temperature_a100_sxm4_40gb_v1.csv,160.000000,0.000000,0.000000,0.005333,160.000000,Line_0_1,0.000000,ThermalData/Line_0_1/Signal,285.000000,960.000000,67.000000,52,25,7,175,0.297143,1233.201875,1450.559463,143.524000,384.796574
ambench_multiline_process_dense_csv,data/interim/ambench/2022_single_track/AMB2022-03/ambench_multiline_process_temperature_a100_sxm4_40gb_v1.csv,170.000000,0.000000,0.000000,0.005667,170.000000,Line_0_1,0.000000,ThermalData/Line_0_1/Signal,285.000000,960.000000,67.000000,64,26,10,260,0.246154,1215.710977,1450.559463,141.620535,385.554586
ambench_multiline_process_dense_csv,data/interim/ambench/2022_single_track/AMB2022-03/ambench_multiline_process_temperature_a100_sxm4_40gb_v1.csv,180.000000,0.000000,0.000000,0.006000,180.000000,Line_0_1,0.000000,ThermalData/Line_0_1/Signal,285.000000,960.000000,67.000000,52,23,8,184,0.282609,1219.452379,1450.559463,147.930028,384.796574
ambench_multiline_process_dense_csv,data/interim/ambench/2022_single_track/AMB2022-03/ambench_multiline_process_temperature_a100_sxm4_40gb_v1.csv,190.000000,0.000000,0.000000,0.006333,190.000000,Line_0_1,0.000000,ThermalData/Line_0_1/Signal,285.000000,960.000000,67.000000,48,23,8,184,0.260870,1221.295934,1450.559463,147.293378,378.249240
ambench_multiline_process_dense_csv,data/interim/ambench/2022_single_track/AMB2022-03/ambench_multiline_process_temperature_a100_sxm4_40gb_v1.csv,200.000000,0.000000,0.000000,0.006667,200.000000,Line_0_1,0.000000,ThermalData/Line_0_1/Signal,285.000000,960.000000,67.000000,60,26,9,234,0.256410,1207.304769,1450.559463,143.148034,381.100273
ambench_multiline_process_dense_csv,data/interim/ambench/2022_single_track/AMB2022-03/ambench_multiline_process_temperature_a100_sxm4_40gb_v1.csv,210.000000,0.000000,0.000000,0.007000,210.000000,Line_0_1,0.000000,ThermalData/Line_0_1/Signal,285.000000,960.000000,67.000000,45,24,8,192,0.234375,1235.538761,1450.559463,140.847670,383.299643
ambench_multiline_process_dense_csv,data/interim/ambench/2022_single_track/AMB2022-03/ambench_multiline_process_temperature_a100_sxm4_40gb_v1.csv,220.000000,0.000000,0.000000,0.007333,220.000000,Line_0_1,0.000000,ThermalData/Line_0_1/Signal,285.000000,960.000000,67.000000,49,24,8,192,0.255208,1220.682554,1450.559463,142.000312,381.827406
ambench_multiline_process_dense_csv,data/interim/ambench/2022_single_track/AMB2022-03/ambench_multiline_process_temperature_a100_sxm4_40gb_v1.csv,230.000000,0.000000,0.000000,0.007667,230.000000,Line_0_1,0.000000,ThermalData/Line_0_1/Signal,285.000000,960.000000,67.000000,60,24,9,216,0.277778,1214.428800,1450.559463,146.360696,384.796574
ambench_multiline_process_dense_csv,data/interim/ambench/2022_single_track/AMB2022-03/ambench_multiline_process_temperature_a100_sxm4_40gb_v1.csv,240.000000,0.000000,0.000000,0.008000,240.000000,Line_0_1,0.000000,ThermalData/Line_0_1/Signal,285.000000,960.000000,67.000000,73,28,11,308,0.237013,1210.139601,1450.559463,140.189042,384.796574
ambench_multiline_process_dense_csv,data/interim/ambench/2022_single_track/AMB2022-03/ambench_multiline_process_temperature_a100_sxm4_40gb_v1.csv,250.000000,0.000000,0.000000,0.008333,250.000000,Line_0_1,0.000000,ThermalData/Line_0_1/Signal,285.000000,960.000000,67.000000,48,23,9,207,0.231884,1227.274010,1450.559463,149.989073,384.796574
ambench_multiline_process_dense_csv,data/interim/ambench/2022_single_track/AMB2022-03/ambench_multiline_process_temperature_a100_sxm4_40gb_v1.csv,260.000000,0.000000,0.000000,0.008667,260.000000,Line_0_1,0.000000,ThermalData/Line_0_1/Signal,285.000000,960.000000,67.000000,59,25,8,200,0.295000,1215.841842,1450.559463,143.618761,384.796574
ambench_multiline_process_dense_csv,data/interim/ambench/2022_single_track/AMB2022-03/ambench_multiline_process_temperature_a100_sxm4_40gb_v1.csv,270.000000,0.000000,0.000000,0.009000,270.000000,Line_0_1,0.000000,ThermalData/Line_0_1/Signal,285.000000,960.000000,67.000000,59,24,10,240,0.245833,1213.417119,1450.559463,147.362400,384.796574
ambench_multiline_process_dense_csv,data/interim/ambench/2022_single_track/AMB2022-03/ambench_multiline_process_temperature_a100_sxm4_40gb_v1.csv,280.000000,0.000000,0.000000,0.009333,280.000000,Line_0_1,0.000000,ThermalData/Line_0_1/Signal,285.000000,960.000000,67.000000,61,26,9,234,0.260684,1208.474982,1450.559463,143.906614,385.554586
ambench_multiline_process_dense_csv,data/interim/ambench/2022_single_track/AMB2022-03/ambench_multiline_process_temperature_a100_sxm4_40gb_v1.csv,290.000000,0.000000,0.000000,0.009667,290.000000,Line_0_1,0.000000,ThermalData/Line_0_1/Signal,285.000000,960.000000,67.000000,58,25,8,200,0.290000,1227.189254,1450.559463,141.017196,384.796574
ambench_multiline_process_dense_csv,data/interim/ambench/2022_single_track/AMB2022-03/ambench_multiline_process_temperature_a100_sxm4_40gb_v1.csv,300.000000,0.000000,0.000000,0.010000,300.000000,Line_0_1,0.000000,ThermalData/Line_0_1/Signal,285.000000,960.000000,67.000000,56,24,9,216,0.259259,1223.803546,1450.559463,141.197854,383.299643
ambench_multiline_process_dense_csv,data/interim/ambench/2022_single_track/AMB2022-03/ambench_multiline_process_temperature_a100_sxm4_40gb_v1.csv,310.000000,0.000000,0.000000,0.010333,310.000000,Line_0_1,0.000000,ThermalData/Line_0_1/Signal,285.000000,960.000000,67.000000,56,25,7,175,0.320000,1220.094019,1450.559463,144.512624,385.554586
ambench_multiline_process_dense_csv,data/interim/ambench/2022_single_track/AMB2022-03/ambench_multiline_process_temperature_a100_sxm4_40gb_v1.csv,320.000000,0.000000,0.000000,0.010667,320.000000,Line_0_1,0.000000,ThermalData/Line_0_1/Signal,285.000000,960.000000,67.000000,27,18,4,72,0.375000,1290.792863,1450.559463,140.164378,381.827406
ambench_multiline_process_dense_csv,data/interim/ambench/2022_single_track/AMB2022-03/ambench_multiline_process_temperature_a100_sxm4_40gb_v1.csv,0.000000,1.000000,0.000000,0.000000,0.000000,Line_1_1_1,1.000000,ThermalData/Line_1_1_1/Signal,285.000000,960.000000,49.000000,74,65,2,130,0.569231,1083.532289,1095.710834,9.152027,37.280355
ambench_multiline_process_dense_csv,data/interim/ambench/2022_single_track/AMB2022-03/ambench_multiline_process_temperature_a100_sxm4_40gb_v1.csv,10.000000,1.000000,0.000000,0.000333,10.000000,Line_1_1_1,1.000000,ThermalData/Line_1_1_1/Signal,285.000000,960.000000,49.000000,75,26,29,754,0.099469,1202.155751,1361.178447,110.269603,385.554586
ambench_multiline_process_dense_csv,data/interim/ambench/2022_single_track/AMB2022-03/ambench_multiline_process_temperature_a100_sxm4_40gb_v1.csv,20.000000,1.000000,0.000000,0.000667,20.000000,Line_1_1_1,1.000000,ThermalData/Line_1_1_1/Signal,285.000000,960.000000,49.000000,63,23,21,483,0.130435,1203.848103,1450.559463,135.704696,378.953572
ambench_multiline_process_dense_csv,data/interim/ambench/2022_single_track/AMB2022-03/ambench_multiline_process_temperature_a100_sxm4_40gb_v1.csv,30.000000,1.000000,0.000000,0.001000,30.000000,Line_1_1_1,1.000000,ThermalData/Line_1_1_1/Signal,285.000000,960.000000,49.000000,34,19,10,190,0.178947,1244.680766,1450.559463,155.373620,385.554586
ambench_multiline_process_dense_csv,data/interim/ambench/2022_single_track/AMB2022-03/ambench_multiline_process_temperature_a100_sxm4_40gb_v1.csv,40.000000,1.000000,0.000000,0.001333,40.000000,Line_1_1_1,1.000000,ThermalData/Line_1_1_1/Signal,285.000000,960.000000,49.000000,32,18,7,126,0.253968,1253.529972,1450.559463,143.852443,384.044966
ambench_multiline_process_dense_csv,data/interim/ambench/2022_single_track/AMB2022-03/ambench_multiline_process_temperature_a100_sxm4_40gb_v1.csv,50.000000,1.000000,0.000000,0.001667,50.000000,Line_1_1_1,1.000000,ThermalData/Line_1_1_1/Signal,285.000000,960.000000,49.000000,32,21,5,105,0.304762,1278.707710,1450.559463,128.272351,380.378991
ambench_multiline_process_dense_csv,data/interim/ambench/2022_single_track/AMB2022-03/ambench_multiline_process_temperature_a100_sxm4_40gb_v1.csv,60.000000,1.000000,0.000000,0.002000,60.000000,Line_1_1_1,1.000000,ThermalData/Line_1_1_1/Signal,285.000000,960.000000,49.000000,35,24,6,144,0.243056,1268.745158,1450.559463,129.153767,378.249240
ambench_multiline_process_dense_csv,data/interim/ambench/2022_single_track/AMB2022-03/ambench_multiline_process_temperature_a100_sxm4_40gb_v1.csv,70.000000,1.000000,0.000000,0.002333,70.000000,Line_1_1_1,1.000000,ThermalData/Line_1_1_1/Signal,285.000000,960.000000,49.000000,34,24,5,120,0.283333,1271.897940,1450.559463,135.405707,379.663457
ambench_multiline_process_dense_csv,data/interim/ambench/2022_single_track/AMB2022-03/ambench_multiline_process_temperature_a100_sxm4_40gb_v1.csv,80.000000,1.000000,0.000000,0.002667,80.000000,Line_1_1_1,1.000000,ThermalData/Line_1_1_1/Signal,285.000000,960.000000,49.000000,35,23,5,115,0.304348,1269.819978,1450.559463,133.870908,378.953572
ambench_multiline_process_dense_csv,data/interim/ambench/2022_single_track/AMB2022-03/ambench_multiline_process_temperature_a100_sxm4_40gb_v1.csv,90.000000,1.000000,0.000000,0.003000,90.000000,Line_1_1_1,1.000000,ThermalData/Line_1_1_1/Signal,285.000000,960.000000,49.000000,34,22,7,154,0.220779,1260.389049,1450.559463,137.550465,385.554586
ambench_multiline_process_dense_csv,data/interim/ambench/2022_single_track/AMB2022-03/ambench_multiline_process_temperature_a100_sxm4_40gb_v1.csv,100.000000,1.000000,0.000000,0.003333,100.000000,Line_1_1_1,1.000000,ThermalData/Line_1_1_1/Signal,285.000000,960.000000,49.000000,31,22,6,132,0.234848,1249.769211,1450.559463,145.125894,385.554586
ambench_multiline_process_dense_csv,data/interim/ambench/2022_single_track/AMB2022-03/ambench_multiline_process_temperature_a100_sxm4_40gb_v1.csv,110.000000,1.000000,0.000000,0.003667,110.000000,Line_1_1_1,1.000000,ThermalData/Line_1_1_1/Signal,285.000000,960.000000,49.000000,31,20,6,120,0.258333,1262.825705,1450.559463,144.080550,382.560493
ambench_multiline_process_dense_csv,data/interim/ambench/2022_single_track/AMB2022-03/ambench_multiline_process_temperature_a100_sxm4_40gb_v1.csv,120.000000,1.000000,0.000000,0.004000,120.000000,Line_1_1_1,1.000000,ThermalData/Line_1_1_1/Signal,285.000000,960.000000,49.000000,31,21,5,105,0.295238,1277.393347,1450.559463,135.559930,384.044966
ambench_multiline_process_dense_csv,data/interim/ambench/2022_single_track/AMB2022-03/ambench_multiline_process_temperature_a100_sxm4_40gb_v1.csv,130.000000,1.000000,0.000000,0.004333,130.000000,Line_1_1_1,1.000000,ThermalData/Line_1_1_1/Signal,285.000000,960.000000,49.000000,31,20,6,120,0.258333,1279.503070,1450.559463,132.482408,385.554586
ambench_multiline_process_dense_csv,data/interim/ambench/2022_single_track/AMB2022-03/ambench_multiline_process_temperature_a100_sxm4_40gb_v1.csv,140.000000,1.000000,0.000000,0.004667,140.000000,Line_1_1_1,1.000000,ThermalData/Line_1_1_1/Signal,285.000000,960.000000,49.000000,32,21,5,105,0.304762,1278.421388,1450.559463,136.909708,381.827406
ambench_multiline_process_dense_csv,data/interim/ambench/2022_single_track/AMB2022-03/ambench_multiline_process_temperature_a100_sxm4_40gb_v1.csv,150.000000,1.000000,0.000000,0.005000,150.000000,Line_1_1_1,1.000000,ThermalData/Line_1_1_1/Signal,285.000000,960.000000,49.000000,29,18,6,108,0.268519,1291.852745,1450.559463,134.019747,384.796574
ambench_multiline_process_dense_csv,data/interim/ambench/2022_single_track/AMB2022-03/ambench_multiline_process_temperature_a100_sxm4_40gb_v1.csv,160.000000,1.000000,0.000000,0.005333,160.000000,Line_1_1_1,1.000000,ThermalData/Line_1_1_1/Signal,285.000000,960.000000,49.000000,31,19,6,114,0.271930,1282.339264,1450.559463,137.136809,384.044966
ambench_multiline_process_dense_csv,data/interim/ambench/2022_single_track/AMB2022-03/ambench_multiline_process_temperature_a100_sxm4_40gb_v1.csv,170.000000,1.000000,0.000000,0.005667,170.000000,Line_1_1_1,1.000000,ThermalData/Line_1_1_1/Signal,285.000000,960.000000,49.000000,32,19,6,114,0.280702,1271.461978,1450.559463,138.441319,385.554586
ambench_multiline_process_dense_csv,data/interim/ambench/2022_single_track/AMB2022-03/ambench_multiline_process_temperature_a100_sxm4_40gb_v1.csv,180.000000,1.000000,0.000000,0.006000,180.000000,Line_1_1_1,1.000000,ThermalData/Line_1_1_1/Signal,285.000000,960.000000,49.000000,31,19,5,95,0.326316,1255.601421,1450.559463,140.136802,383.299643
ambench_multiline_process_dense_csv,data/interim/ambench/2022_single_track/AMB2022-03/ambench_multiline_process_temperature_a100_sxm4_40gb_v1.csv,190.000000,1.000000,0.000000,0.006333,190.000000,Line_1_1_1,1.000000,ThermalData/Line_1_1_1/Signal,285.000000,960.000000,49.000000,31,19,5,95,0.326316,1267.066788,1450.559463,134.146541,376.168635
ambench_multiline_process_dense_csv,data/interim/ambench/2022_single_track/AMB2022-03/ambench_multiline_process_temperature_a100_sxm4_40gb_v1.csv,200.000000,1.000000,0.000000,0.006667,200.000000,Line_1_1_1,1.000000,ThermalData/Line_1_1_1/Signal,285.000000,960.000000,49.000000,34,22,5,110,0.309091,1262.219250,1450.559463,139.292275,384.044966
ambench_multiline_process_dense_csv,data/interim/ambench/2022_single_track/AMB2022-03/ambench_multiline_process_temperature_a100_sxm4_40gb_v1.csv,210.000000,1.000000,0.000000,0.007000,210.000000,Line_1_1_1,1.000000,ThermalData/Line_1_1_1/Signal,285.000000,960.000000,49.000000,34,22,7,154,0.220779,1250.863773,1450.559463,142.470342,382.560493
ambench_multiline_process_dense_csv,data/interim/ambench/2022_single_track/AMB2022-03/ambench_multiline_process_temperature_a100_sxm4_40gb_v1.csv,220.000000,1.000000,0.000000,0.007333,220.000000,Line_1_1_1,1.000000,ThermalData/Line_1_1_1/Signal,285.000000,960.000000,49.000000,31,20,6,120,0.258333,1278.238226,1450.559463,128.202861,384.796574
ambench_multiline_process_dense_csv,data/interim/ambench/2022_single_track/AMB2022-03/ambench_multiline_process_temperature_a100_sxm4_40gb_v1.csv,230.000000,1.000000,0.000000,0.007667,230.000000,Line_1_1_1,1.000000,ThermalData/Line_1_1_1/Signal,285.000000,960.000000,49.000000,32,20,6,120,0.266667,1279.171336,1450.559463,138.381940,384.044966
ambench_multiline_process_dense_csv,data/interim/ambench/2022_single_track/AMB2022-03/ambench_multiline_process_temperature_a100_sxm4_40gb_v1.csv,240.000000,1.000000,0.000000,0.008000,240.000000,Line_1_1_1,1.000000,ThermalData/Line_1_1_1/Signal,285.000000,960.000000,49.000000,32,21,6,126,0.253968,1275.409272,1450.559463,134.931327,382.560493
ambench_multiline_process_dense_csv,data/interim/ambench/2022_single_track/AMB2022-03/ambench_multiline_process_temperature_a100_sxm4_40gb_v1.csv,250.000000,1.000000,0.000000,0.008333,250.000000,Line_1_1_1,1.000000,ThermalData/Line_1_1_1/Signal,285.000000,960.000000,49.000000,32,21,5,105,0.304762,1261.928258,1450.559463,131.074606,385.554586
ambench_multiline_process_dense_csv,data/interim/ambench/2022_single_track/AMB2022-03/ambench_multiline_process_temperature_a100_sxm4_40gb_v1.csv,260.000000,1.000000,0.000000,0.008667,260.000000,Line_1_1_1,1.000000,ThermalData/Line_1_1_1/Signal,285.000000,960.000000,49.000000,35,22,7,154,0.227273,1259.117300,1450.559463,135.124653,382.560493
ambench_multiline_process_dense_csv,data/interim/ambench/2022_single_track/AMB2022-03/ambench_multiline_process_temperature_a100_sxm4_40gb_v1.csv,270.000000,1.000000,0.000000,0.009000,270.000000,Line_1_1_1,1.000000,ThermalData/Line_1_1_1/Signal,285.000000,960.000000,49.000000,35,23,5,115,0.304348,1262.841182,1450.559463,132.674638,385.554586
ambench_multiline_process_dense_csv,data/interim/ambench/2022_single_track/AMB2022-03/ambench_multiline_process_temperature_a100_sxm4_40gb_v1.csv,280.000000,1.000000,0.000000,0.009333,280.000000,Line_1_1_1,1.000000,ThermalData/Line_1_1_1/Signal,285.000000,960.000000,49.000000,32,20,7,140,0.228571,1255.553874,1450.559463,137.246089,383.299643
ambench_multiline_process_dense_csv,data/interim/ambench/2022_single_track/AMB2022-03/ambench_multiline_process_temperature_a100_sxm4_40gb_v1.csv,290.000000,1.000000,0.000000,0.009667,290.000000,Line_1_1_1,1.000000,ThermalData/Line_1_1_1/Signal,285.000000,960.000000,49.000000,35,23,6,138,0.253623,1253.807637,1450.559463,138.851198,381.827406
ambench_multiline_process_dense_csv,data/interim/ambench/2022_single_track/AMB2022-03/ambench_multiline_process_temperature_a100_sxm4_40gb_v1.csv,300.000000,1.000000,0.000000,0.010000,300.000000,Line_1_1_1,1.000000,ThermalData/Line_1_1_1/Signal,285.000000,960.000000,49.000000,35,23,5,115,0.304348,1246.840249,1450.559463,139.650504,385.554586
ambench_multiline_process_dense_csv,data/interim/ambench/2022_single_track/AMB2022-03/ambench_multiline_process_temperature_a100_sxm4_40gb_v1.csv,310.000000,1.000000,0.000000,0.010333,310.000000,Line_1_1_1,1.000000,ThermalData/Line_1_1_1/Signal,285.000000,960.000000,49.000000,35,22,6,132,0.265152,1255.147043,1450.559463,141.402298,381.827406
ambench_multiline_process_dense_csv,data/interim/ambench/2022_single_track/AMB2022-03/ambench_multiline_process_temperature_a100_sxm4_40gb_v1.csv,320.000000,1.000000,0.000000,0.010667,320.000000,Line_1_1_1,1.000000,ThermalData/Line_1_1_1/Signal,285.000000,960.000000,49.000000,19,16,3,48,0.395833,1301.650654,1450.559463,139.181485,370.842848
ambench_multiline_process_dense_csv,data/interim/ambench/2022_single_track/AMB2022-03/ambench_multiline_process_temperature_a100_sxm4_40gb_v1.csv,0.000000,2.000000,0.000000,0.000000,0.000000,Line_1_2_1,2.000000,ThermalData/Line_1_2_1/Signal,285.000000,960.000000,82.000000,72,65,3,195,0.369231,1083.394686,1094.615522,9.622540,40.526505
ambench_multiline_process_dense_csv,data/interim/ambench/2022_single_track/AMB2022-03/ambench_multiline_process_temperature_a100_sxm4_40gb_v1.csv,10.000000,2.000000,0.000000,0.000333,10.000000,Line_1_2_1,2.000000,ThermalData/Line_1_2_1/Signal,285.000000,960.000000,82.000000,168,33,25,825,0.203636,1205.042662,1417.654271,122.198494,384.044966
ambench_multiline_process_dense_csv,data/interim/ambench/2022_single_track/AMB2022-03/ambench_multiline_process_temperature_a100_sxm4_40gb_v1.csv,20.000000,2.000000,0.000000,0.000667,20.000000,Line_1_2_1,2.000000,ThermalData/Line_1_2_1/Signal,285.000000,960.000000,82.000000,161,37,19,703,0.229018,1191.396601,1450.559463,122.010381,385.554586
ambench_multiline_process_dense_csv,data/interim/ambench/2022_single_track/AMB2022-03/ambench_multiline_process_temperature_a100_sxm4_40gb_v1.csv,30.000000,2.000000,0.000000,0.001000,30.000000,Line_1_2_1,2.000000,ThermalData/Line_1_2_1/Signal,285.000000,960.000000,82.000000,122,36,21,756,0.161376,1193.405262,1444.016925,128.152097,385.554586
ambench_multiline_process_dense_csv,data/interim/ambench/2022_single_track/AMB2022-03/ambench_multiline_process_temperature_a100_sxm4_40gb_v1.csv,40.000000,2.000000,0.000000,0.001333,40.000000,Line_1_2_1,2.000000,ThermalData/Line_1_2_1/Signal,285.000000,960.000000,82.000000,110,30,17,510,0.215686,1195.387991,1450.559463,133.592194,385.554586
ambench_multiline_process_dense_csv,data/interim/ambench/2022_single_track/AMB2022-03/ambench_multiline_process_temperature_a100_sxm4_40gb_v1.csv,50.000000,2.000000,0.000000,0.001667,50.000000,Line_1_2_1,2.000000,ThermalData/Line_1_2_1/Signal,285.000000,960.000000,82.000000,108,31,15,465,0.232258,1198.308354,1450.559463,127.494726,385.554586
ambench_multiline_process_dense_csv,data/interim/ambench/2022_single_track/AMB2022-03/ambench_multiline_process_temperature_a100_sxm4_40gb_v1.csv,60.000000,2.000000,0.000000,0.002000,60.000000,Line_1_2_1,2.000000,ThermalData/Line_1_2_1/Signal,285.000000,960.000000,82.000000,99,30,15,450,0.220000,1203.298775,1450.559463,129.290108,385.554586
ambench_multiline_process_dense_csv,data/interim/ambench/2022_single_track/AMB2022-03/ambench_multiline_process_temperature_a100_sxm4_40gb_v1.csv,70.000000,2.000000,0.000000,0.002333,70.000000,Line_1_2_1,2.000000,ThermalData/Line_1_2_1/Signal,285.000000,960.000000,82.000000,107,30,16,480,0.222917,1204.285898,1450.559463,124.694600,382.560493
ambench_multiline_process_dense_csv,data/interim/ambench/2022_single_track/AMB2022-03/ambench_multiline_process_temperature_a100_sxm4_40gb_v1.csv,80.000000,2.000000,0.000000,0.002667,80.000000,Line_1_2_1,2.000000,ThermalData/Line_1_2_1/Signal,285.000000,960.000000,82.000000,91,26,15,390,0.233333,1213.037801,1450.559463,128.616017,384.796574
ambench_multiline_process_dense_csv,data/interim/ambench/2022_single_track/AMB2022-03/ambench_multiline_process_temperature_a100_sxm4_40gb_v1.csv,90.000000,2.000000,0.000000,0.003000,90.000000,Line_1_2_1,2.000000,ThermalData/Line_1_2_1/Signal,285.000000,960.000000,82.000000,98,31,13,403,0.243176,1199.244558,1450.559463,129.385657,385.554586
ambench_multiline_process_dense_csv,data/interim/ambench/2022_single_track/AMB2022-03/ambench_multiline_process_temperature_a100_sxm4_40gb_v1.csv,100.000000,2.000000,0.000000,0.003333,100.000000,Line_1_2_1,2.000000,ThermalData/Line_1_2_1/Signal,285.000000,960.000000,82.000000,88,28,12,336,0.261905,1211.108652,1450.559463,125.939517,379.663457
ambench_multiline_process_dense_csv,data/interim/ambench/2022_single_track/AMB2022-03/ambench_multiline_process_temperature_a100_sxm4_40gb_v1.csv,110.000000,2.000000,0.000000,0.003667,110.000000,Line_1_2_1,2.000000,ThermalData/Line_1_2_1/Signal,285.000000,960.000000,82.000000,112,33,15,495,0.226263,1196.684310,1430.035500,120.847704,385.554586
ambench_multiline_process_dense_csv,data/interim/ambench/2022_single_track/AMB2022-03/ambench_multiline_process_temperature_a100_sxm4_40gb_v1.csv,120.000000,2.000000,0.000000,0.004000,120.000000,Line_1_2_1,2.000000,ThermalData/Line_1_2_1/Signal,285.000000,960.000000,82.000000,112,32,16,512,0.218750,1197.436244,1450.559463,123.666252,384.044966
ambench_multiline_process_dense_csv,data/interim/ambench/2022_single_track/AMB2022-03/ambench_multiline_process_temperature_a100_sxm4_40gb_v1.csv,130.000000,2.000000,0.000000,0.004333,130.000000,Line_1_2_1,2.000000,ThermalData/Line_1_2_1/Signal,285.000000,960.000000,82.000000,125,37,18,666,0.187688,1192.320803,1423.754840,122.977936,385.554586
ambench_multiline_process_dense_csv,data/interim/ambench/2022_single_track/AMB2022-03/ambench_multiline_process_temperature_a100_sxm4_40gb_v1.csv,140.000000,2.000000,0.000000,0.004667,140.000000,Line_1_2_1,2.000000,ThermalData/Line_1_2_1/Signal,285.000000,960.000000,82.000000,101,31,14,434,0.232719,1205.297509,1434.960902,121.025888,385.554586
ambench_multiline_process_dense_csv,data/interim/ambench/2022_single_track/AMB2022-03/ambench_multiline_process_temperature_a100_sxm4_40gb_v1.csv,150.000000,2.000000,0.000000,0.005000,150.000000,Line_1_2_1,2.000000,ThermalData/Line_1_2_1/Signal,285.000000,960.000000,82.000000,112,34,15,510,0.219608,1197.490361,1415.797356,120.575643,385.554586
ambench_multiline_process_dense_csv,data/interim/ambench/2022_single_track/AMB2022-03/ambench_multiline_process_temperature_a100_sxm4_40gb_v1.csv,160.000000,2.000000,0.000000,0.005333,160.000000,Line_1_2_1,2.000000,ThermalData/Line_1_2_1/Signal,285.000000,960.000000,82.000000,119,33,16,528,0.225379,1193.145549,1432.361743,119.400864,384.044966
ambench_multiline_process_dense_csv,data/interim/ambench/2022_single_track/AMB2022-03/ambench_multiline_process_temperature_a100_sxm4_40gb_v1.csv,170.000000,2.000000,0.000000,0.005667,170.000000,Line_1_2_1,2.000000,ThermalData/Line_1_2_1/Signal,285.000000,960.000000,82.000000,109,34,15,510,0.213725,1199.181404,1450.559463,121.902223,385.554586
ambench_multiline_process_dense_csv,data/interim/ambench/2022_single_track/AMB2022-03/ambench_multiline_process_temperature_a100_sxm4_40gb_v1.csv,180.000000,2.000000,0.000000,0.006000,180.000000,Line_1_2_1,2.000000,ThermalData/Line_1_2_1/Signal,285.000000,960.000000,82.000000,111,29,16,464,0.239224,1199.212667,1408.644987,118.754130,384.796574
ambench_multiline_process_dense_csv,data/interim/ambench/2022_single_track/AMB2022-03/ambench_multiline_process_temperature_a100_sxm4_40gb_v1.csv,190.000000,2.000000,0.000000,0.006333,190.000000,Line_1_2_1,2.000000,ThermalData/Line_1_2_1/Signal,285.000000,960.000000,82.000000,115,31,16,496,0.231855,1197.037330,1416.686163,116.431768,383.299643
ambench_multiline_process_dense_csv,data/interim/ambench/2022_single_track/AMB2022-03/ambench_multiline_process_temperature_a100_sxm4_40gb_v1.csv,200.000000,2.000000,0.000000,0.006667,200.000000,Line_1_2_1,2.000000,ThermalData/Line_1_2_1/Signal,285.000000,960.000000,82.000000,111,35,15,525,0.211429,1193.482959,1408.998926,119.627775,383.299643
ambench_multiline_process_dense_csv,data/interim/ambench/2022_single_track/AMB2022-03/ambench_multiline_process_temperature_a100_sxm4_40gb_v1.csv,210.000000,2.000000,0.000000,0.007000,210.000000,Line_1_2_1,2.000000,ThermalData/Line_1_2_1/Signal,285.000000,960.000000,82.000000,119,36,14,504,0.236111,1193.173424,1413.576072,119.276348,385.554586
ambench_multiline_process_dense_csv,data/interim/ambench/2022_single_track/AMB2022-03/ambench_multiline_process_temperature_a100_sxm4_40gb_v1.csv,220.000000,2.000000,0.000000,0.007333,220.000000,Line_1_2_1,2.000000,ThermalData/Line_1_2_1/Signal,285.000000,960.000000,82.000000,115,31,16,496,0.231855,1196.672808,1405.876081,119.374235,385.554586
ambench_multiline_process_dense_csv,data/interim/ambench/2022_single_track/AMB2022-03/ambench_multiline_process_temperature_a100_sxm4_40gb_v1.csv,230.000000,2.000000,0.000000,0.007667,230.000000,Line_1_2_1,2.000000,ThermalData/Line_1_2_1/Signal,285.000000,960.000000,82.000000,115,32,16,512,0.224609,1192.376451,1422.372616,121.304542,385.554586
ambench_multiline_process_dense_csv,data/interim/ambench/2022_single_track/AMB2022-03/ambench_multiline_process_temperature_a100_sxm4_40gb_v1.csv,240.000000,2.000000,0.000000,0.008000,240.000000,Line_1_2_1,2.000000,ThermalData/Line_1_2_1/Signal,285.000000,960.000000,82.000000,125,34,16,544,0.229779,1191.787487,1402.371491,117.318019,384.796574
ambench_multiline_process_dense_csv,data/interim/ambench/2022_single_track/AMB2022-03/ambench_multiline_process_temperature_a100_sxm4_40gb_v1.csv,250.000000,2.000000,0.000000,0.008333,250.000000,Line_1_2_1,2.000000,ThermalData/Line_1_2_1/Signal,285.000000,960.000000,82.000000,119,32,17,544,0.218750,1199.985725,1429.566465,115.804002,381.100273
ambench_multiline_process_dense_csv,data/interim/ambench/2022_single_track/AMB2022-03/ambench_multiline_process_temperature_a100_sxm4_40gb_v1.csv,260.000000,2.000000,0.000000,0.008667,260.000000,Line_1_2_1,2.000000,ThermalData/Line_1_2_1/Signal,285.000000,960.000000,82.000000,121,34,17,578,0.209343,1193.706726,1376.977250,116.950540,384.044966
ambench_multiline_process_dense_csv,data/interim/ambench/2022_single_track/AMB2022-03/ambench_multiline_process_temperature_a100_sxm4_40gb_v1.csv,270.000000,2.000000,0.000000,0.009000,270.000000,Line_1_2_1,2.000000,ThermalData/Line_1_2_1/Signal,285.000000,960.000000,82.000000,112,31,16,496,0.225806,1202.528643,1394.503326,115.230669,384.796574
ambench_multiline_process_dense_csv,data/interim/ambench/2022_single_track/AMB2022-03/ambench_multiline_process_temperature_a100_sxm4_40gb_v1.csv,280.000000,2.000000,0.000000,0.009333,280.000000,Line_1_2_1,2.000000,ThermalData/Line_1_2_1/Signal,285.000000,960.000000,82.000000,103,28,17,476,0.216387,1205.338821,1439.491996,121.936610,381.100273
ambench_multiline_process_dense_csv,data/interim/ambench/2022_single_track/AMB2022-03/ambench_multiline_process_temperature_a100_sxm4_40gb_v1.csv,290.000000,2.000000,0.000000,0.009667,290.000000,Line_1_2_1,2.000000,ThermalData/Line_1_2_1/Signal,285.000000,960.000000,82.000000,116,33,16,528,0.219697,1196.802588,1407.934841,117.759148,385.554586
ambench_multiline_process_dense_csv,data/interim/ambench/2022_single_track/AMB2022-03/ambench_multiline_process_temperature_a100_sxm4_40gb_v1.csv,300.000000,2.000000,0.000000,0.010000,300.000000,Line_1_2_1,2.000000,ThermalData/Line_1_2_1/Signal,285.000000,960.000000,82.000000,108,32,16,512,0.210938,1197.836674,1413.876808,118.381993,385.554586
ambench_multiline_process_dense_csv,data/interim/ambench/2022_single_track/AMB2022-03/ambench_multiline_process_temperature_a100_sxm4_40gb_v1.csv,310.000000,2.000000,0.000000,0.010333,310.000000,Line_1_2_1,2.000000,ThermalData/Line_1_2_1/Signal,285.000000,960.000000,82.000000,126,33,17,561,0.224599,1184.408437,1384.907819,116.780598,385.554586
ambench_multiline_process_dense_csv,data/interim/ambench/2022_single_track/AMB2022-03/ambench_multiline_process_temperature_a100_sxm4_40gb_v1.csv,320.000000,2.000000,0.000000,0.010667,320.000000,Line_1_2_1,2.000000,ThermalData/Line_1_2_1/Signal,285.000000,960.000000,82.000000,41,25,7,175,0.234286,1215.662868,1450.559463,139.280378,381.827406
ambench_multiline_process_dense_csv,data/interim/ambench/2022_single_track/AMB2022-03/ambench_multiline_process_temperature_a100_sxm4_40gb_v1.csv,0.000000,3.000000,0.000000,0.000000,0.000000,Line_2_1_1,3.000000,ThermalData/Line_2_1_1/Signal,285.000000,1200.000000,67.000000,73,63,2,126,0.579365,1081.583796,1091.820195,9.716980,36.513914
ambench_multiline_process_dense_csv,data/interim/ambench/2022_single_track/AMB2022-03/ambench_multiline_process_temperature_a100_sxm4_40gb_v1.csv,10.000000,3.000000,0.000000,0.000333,10.000000,Line_2_1_1,3.000000,ThermalData/Line_2_1_1/Signal,285.000000,1200.000000,67.000000,108,32,20,640,0.168750,1198.792622,1450.559463,136.554195,385.554586
ambench_multiline_process_dense_csv,data/interim/ambench/2022_single_track/AMB2022-03/ambench_multiline_process_temperature_a100_sxm4_40gb_v1.csv,20.000000,3.000000,0.000000,0.000667,20.000000,Line_2_1_1,3.000000,ThermalData/Line_2_1_1/Signal,285.000000,1200.000000,67.000000,67,24,11,264,0.253788,1213.497722,1450.559463,141.556295,378.953572
ambench_multiline_process_dense_csv,data/interim/ambench/2022_single_track/AMB2022-03/ambench_multiline_process_temperature_a100_sxm4_40gb_v1.csv,30.000000,3.000000,0.000000,0.001000,30.000000,Line_2_1_1,3.000000,ThermalData/Line_2_1_1/Signal,285.000000,1200.000000,67.000000,66,23,10,230,0.286957,1210.684130,1450.559463,139.226105,384.796574
ambench_multiline_process_dense_csv,data/interim/ambench/2022_single_track/AMB2022-03/ambench_multiline_process_temperature_a100_sxm4_40gb_v1.csv,40.000000,3.000000,0.000000,0.001333,40.000000,Line_2_1_1,3.000000,ThermalData/Line_2_1_1/Signal,285.000000,1200.000000,67.000000,62,21,11,231,0.268398,1213.256838,1450.559463,136.093897,370.198461
ambench_multiline_process_dense_csv,data/interim/ambench/2022_single_track/AMB2022-03/ambench_multiline_process_temperature_a100_sxm4_40gb_v1.csv,50.000000,3.000000,0.000000,0.001667,50.000000,Line_2_1_1,3.000000,ThermalData/Line_2_1_1/Signal,285.000000,1200.000000,67.000000,70,27,11,297,0.235690,1206.768623,1449.060121,129.267795,385.554586
ambench_multiline_process_dense_csv,data/interim/ambench/2022_single_track/AMB2022-03/ambench_multiline_process_temperature_a100_sxm4_40gb_v1.csv,60.000000,3.000000,0.000000,0.002000,60.000000,Line_2_1_1,3.000000,ThermalData/Line_2_1_1/Signal,285.000000,1200.000000,67.000000,66,27,11,297,0.222222,1213.329235,1450.559463,129.235054,385.554586
ambench_multiline_process_dense_csv,data/interim/ambench/2022_single_track/AMB2022-03/ambench_multiline_process_temperature_a100_sxm4_40gb_v1.csv,70.000000,3.000000,0.000000,0.002333,70.000000,Line_2_1_1,3.000000,ThermalData/Line_2_1_1/Signal,285.000000,1200.000000,67.000000,66,24,10,240,0.275000,1207.341584,1450.559463,130.826549,384.044966
ambench_multiline_process_dense_csv,data/interim/ambench/2022_single_track/AMB2022-03/ambench_multiline_process_temperature_a100_sxm4_40gb_v1.csv,80.000000,3.000000,0.000000,0.002667,80.000000,Line_2_1_1,3.000000,ThermalData/Line_2_1_1/Signal,285.000000,1200.000000,67.000000,61,22,10,220,0.277273,1212.859690,1450.559463,133.227886,384.796574
ambench_multiline_process_dense_csv,data/interim/ambench/2022_single_track/AMB2022-03/ambench_multiline_process_temperature_a100_sxm4_40gb_v1.csv,90.000000,3.000000,0.000000,0.003000,90.000000,Line_2_1_1,3.000000,ThermalData/Line_2_1_1/Signal,285.000000,1200.000000,67.000000,62,21,11,231,0.268398,1212.404003,1450.559463,131.580155,385.554586
ambench_multiline_process_dense_csv,data/interim/ambench/2022_single_track/AMB2022-03/ambench_multiline_process_temperature_a100_sxm4_40gb_v1.csv,100.000000,3.000000,0.000000,0.003333,100.000000,Line_2_1_1,3.000000,ThermalData/Line_2_1_1/Signal,285.000000,1200.000000,67.000000,61,23,11,253,0.241107,1203.817642,1450.559463,139.780719,385.554586
ambench_multiline_process_dense_csv,data/interim/ambench/2022_single_track/AMB2022-03/ambench_multiline_process_temperature_a100_sxm4_40gb_v1.csv,110.000000,3.000000,0.000000,0.003667,110.000000,Line_2_1_1,3.000000,ThermalData/Line_2_1_1/Signal,285.000000,1200.000000,67.000000,66,24,12,288,0.229167,1204.186954,1450.559463,134.860492,385.554586
ambench_multiline_process_dense_csv,data/interim/ambench/2022_single_track/AMB2022-03/ambench_multiline_process_temperature_a100_sxm4_40gb_v1.csv,120.000000,3.000000,0.000000,0.004000,120.000000,Line_2_1_1,3.000000,ThermalData/Line_2_1_1/Signal,285.000000,1200.000000,67.000000,74,25,10,250,0.296000,1193.283835,1450.559463,133.171332,385.554586
ambench_multiline_process_dense_csv,data/interim/ambench/2022_single_track/AMB2022-03/ambench_multiline_process_temperature_a100_sxm4_40gb_v1.csv,130.000000,3.000000,0.000000,0.004333,130.000000,Line_2_1_1,3.000000,ThermalData/Line_2_1_1/Signal,285.000000,1200.000000,67.000000,65,24,11,264,0.246212,1202.756210,1450.559463,137.196458,385.554586
ambench_multiline_process_dense_csv,data/interim/ambench/2022_single_track/AMB2022-03/ambench_multiline_process_temperature_a100_sxm4_40gb_v1.csv,140.000000,3.000000,0.000000,0.004667,140.000000,Line_2_1_1,3.000000,ThermalData/Line_2_1_1/Signal,285.000000,1200.000000,67.000000,80,27,15,405,0.197531,1205.982700,1445.987345,125.569771,385.554586
ambench_multiline_process_dense_csv,data/interim/ambench/2022_single_track/AMB2022-03/ambench_multiline_process_temperature_a100_sxm4_40gb_v1.csv,150.000000,3.000000,0.000000,0.005000,150.000000,Line_2_1_1,3.000000,ThermalData/Line_2_1_1/Signal,285.000000,1200.000000,67.000000,74,26,10,260,0.284615,1205.235019,1450.559463,132.103066,385.554586
ambench_multiline_process_dense_csv,data/interim/ambench/2022_single_track/AMB2022-03/ambench_multiline_process_temperature_a100_sxm4_40gb_v1.csv,160.000000,3.000000,0.000000,0.005333,160.000000,Line_2_1_1,3.000000,ThermalData/Line_2_1_1/Signal,285.000000,1200.000000,67.000000,71,25,11,275,0.258182,1211.831924,1450.559463,133.154146,384.044966
ambench_multiline_process_dense_csv,data/interim/ambench/2022_single_track/AMB2022-03/ambench_multiline_process_temperature_a100_sxm4_40gb_v1.csv,170.000000,3.000000,0.000000,0.005667,170.000000,Line_2_1_1,3.000000,ThermalData/Line_2_1_1/Signal,285.000000,1200.000000,67.000000,74,27,13,351,0.210826,1206.350558,1450.559463,129.975773,382.560493
ambench_multiline_process_dense_csv,data/interim/ambench/2022_single_track/AMB2022-03/ambench_multiline_process_temperature_a100_sxm4_40gb_v1.csv,180.000000,3.000000,0.000000,0.006000,180.000000,Line_2_1_1,3.000000,ThermalData/Line_2_1_1/Signal,285.000000,1200.000000,67.000000,63,24,11,264,0.238636,1207.080469,1450.559463,138.300580,384.796574
ambench_multiline_process_dense_csv,data/interim/ambench/2022_single_track/AMB2022-03/ambench_multiline_process_temperature_a100_sxm4_40gb_v1.csv,190.000000,3.000000,0.000000,0.006333,190.000000,Line_2_1_1,3.000000,ThermalData/Line_2_1_1/Signal,285.000000,1200.000000,67.000000,82,28,13,364,0.225275,1201.338032,1450.559463,126.543556,381.827406
ambench_multiline_process_dense_csv,data/interim/ambench/2022_single_track/AMB2022-03/ambench_multiline_process_temperature_a100_sxm4_40gb_v1.csv,200.000000,3.000000,0.000000,0.006667,200.000000,Line_2_1_1,3.000000,ThermalData/Line_2_1_1/Signal,285.000000,1200.000000,67.000000,77,25,12,300,0.256667,1210.525846,1450.559463,130.187667,380.378991
ambench_multiline_process_dense_csv,data/interim/ambench/2022_single_track/AMB2022-03/ambench_multiline_process_temperature_a100_sxm4_40gb_v1.csv,210.000000,3.000000,0.000000,0.007000,210.000000,Line_2_1_1,3.000000,ThermalData/Line_2_1_1/Signal,285.000000,1200.000000,67.000000,70,25,12,300,0.233333,1205.523358,1450.559463,137.421765,384.796574
ambench_multiline_process_dense_csv,data/interim/ambench/2022_single_track/AMB2022-03/ambench_multiline_process_temperature_a100_sxm4_40gb_v1.csv,220.000000,3.000000,0.000000,0.007333,220.000000,Line_2_1_1,3.000000,ThermalData/Line_2_1_1/Signal,285.000000,1200.000000,67.000000,74,24,14,336,0.220238,1202.891721,1450.559463,135.032772,385.554586
ambench_multiline_process_dense_csv,data/interim/ambench/2022_single_track/AMB2022-03/ambench_multiline_process_temperature_a100_sxm4_40gb_v1.csv,230.000000,3.000000,0.000000,0.007667,230.000000,Line_2_1_1,3.000000,ThermalData/Line_2_1_1/Signal,285.000000,1200.000000,67.000000,80,26,13,338,0.236686,1204.682125,1450.559463,129.603732,384.044966
ambench_multiline_process_dense_csv,data/interim/ambench/2022_single_track/AMB2022-03/ambench_multiline_process_temperature_a100_sxm4_40gb_v1.csv,240.000000,3.000000,0.000000,0.008000,240.000000,Line_2_1_1,3.000000,ThermalData/Line_2_1_1/Signal,285.000000,1200.000000,67.000000,80,25,12,300,0.266667,1209.598628,1440.266560,128.723602,383.299643
ambench_multiline_process_dense_csv,data/interim/ambench/2022_single_track/AMB2022-03/ambench_multiline_process_temperature_a100_sxm4_40gb_v1.csv,250.000000,3.000000,0.000000,0.008333,250.000000,Line_2_1_1,3.000000,ThermalData/Line_2_1_1/Signal,285.000000,1200.000000,67.000000,77,27,11,297,0.259259,1200.848608,1450.559463,130.012350,385.554586
ambench_multiline_process_dense_csv,data/interim/ambench/2022_single_track/AMB2022-03/ambench_multiline_process_temperature_a100_sxm4_40gb_v1.csv,0.000000,4.000000,0.000000,0.000000,0.000000,Line_2_2_1,4.000000,ThermalData/Line_2_2_1/Signal,285.000000,800.000000,67.000000,71,66,4,264,0.268939,1080.920319,1092.385951,9.876479,32.325491
ambench_multiline_process_dense_csv,data/interim/ambench/2022_single_track/AMB2022-03/ambench_multiline_process_temperature_a100_sxm4_40gb_v1.csv,10.000000,4.000000,0.000000,0.000333,10.000000,Line_2_2_1,4.000000,ThermalData/Line_2_2_1/Signal,285.000000,800.000000,67.000000,111,32,24,768,0.144531,1212.270952,1440.817732,127.465958,385.554586
ambench_multiline_process_dense_csv,data/interim/ambench/2022_single_track/AMB2022-03/ambench_multiline_process_temperature_a100_sxm4_40gb_v1.csv,20.000000,4.000000,0.000000,0.000667,20.000000,Line_2_2_1,4.000000,ThermalData/Line_2_2_1/Signal,285.000000,800.000000,67.000000,60,25,16,400,0.150000,1206.705835,1450.559463,147.694204,381.827406
ambench_multiline_process_dense_csv,data/interim/ambench/2022_single_track/AMB2022-03/ambench_multiline_process_temperature_a100_sxm4_40gb_v1.csv,30.000000,4.000000,0.000000,0.001000,30.000000,Line_2_2_1,4.000000,ThermalData/Line_2_2_1/Signal,285.000000,800.000000,67.000000,41,16,10,160,0.256250,1229.519524,1450.559463,155.315376,384.796574
ambench_multiline_process_dense_csv,data/interim/ambench/2022_single_track/AMB2022-03/ambench_multiline_process_temperature_a100_sxm4_40gb_v1.csv,40.000000,4.000000,0.000000,0.001333,40.000000,Line_2_2_1,4.000000,ThermalData/Line_2_2_1/Signal,285.000000,800.000000,67.000000,52,21,10,210,0.247619,1220.525880,1450.559463,152.483847,385.554586
ambench_multiline_process_dense_csv,data/interim/ambench/2022_single_track/AMB2022-03/ambench_multiline_process_temperature_a100_sxm4_40gb_v1.csv,50.000000,4.000000,0.000000,0.001667,50.000000,Line_2_2_1,4.000000,ThermalData/Line_2_2_1/Signal,285.000000,800.000000,67.000000,48,21,9,189,0.253968,1243.371726,1450.559463,148.965505,381.827406
ambench_multiline_process_dense_csv,data/interim/ambench/2022_single_track/AMB2022-03/ambench_multiline_process_temperature_a100_sxm4_40gb_v1.csv,60.000000,4.000000,0.000000,0.002000,60.000000,Line_2_2_1,4.000000,ThermalData/Line_2_2_1/Signal,285.000000,800.000000,67.000000,48,23,8,184,0.260870,1251.293057,1450.559463,139.291737,373.466804
ambench_multiline_process_dense_csv,data/interim/ambench/2022_single_track/AMB2022-03/ambench_multiline_process_temperature_a100_sxm4_40gb_v1.csv,70.000000,4.000000,0.000000,0.002333,70.000000,Line_2_2_1,4.000000,ThermalData/Line_2_2_1/Signal,285.000000,800.000000,67.000000,53,27,8,216,0.245370,1232.801460,1450.559463,145.957083,379.663457
ambench_multiline_process_dense_csv,data/interim/ambench/2022_single_track/AMB2022-03/ambench_multiline_process_temperature_a100_sxm4_40gb_v1.csv,80.000000,4.000000,0.000000,0.002667,80.000000,Line_2_2_1,4.000000,ThermalData/Line_2_2_1/Signal,285.000000,800.000000,67.000000,52,28,8,224,0.232143,1249.577248,1450.559463,138.708220,384.796574
ambench_multiline_process_dense_csv,data/interim/ambench/2022_single_track/AMB2022-03/ambench_multiline_process_temperature_a100_sxm4_40gb_v1.csv,90.000000,4.000000,0.000000,0.003000,90.000000,Line_2_2_1,4.000000,ThermalData/Line_2_2_1/Signal,285.000000,800.000000,67.000000,52,25,9,225,0.231111,1229.633249,1450.559463,147.343824,384.796574
ambench_multiline_process_dense_csv,data/interim/ambench/2022_single_track/AMB2022-03/ambench_multiline_process_temperature_a100_sxm4_40gb_v1.csv,100.000000,4.000000,0.000000,0.003333,100.000000,Line_2_2_1,4.000000,ThermalData/Line_2_2_1/Signal,285.000000,800.000000,67.000000,56,30,9,270,0.207407,1233.542499,1450.559463,141.759581,380.378991
ambench_multiline_process_dense_csv,data/interim/ambench/2022_single_track/AMB2022-03/ambench_multiline_process_temperature_a100_sxm4_40gb_v1.csv,110.000000,4.000000,0.000000,0.003667,110.000000,Line_2_2_1,4.000000,ThermalData/Line_2_2_1/Signal,285.000000,800.000000,67.000000,49,25,10,250,0.196000,1248.874051,1450.559463,145.530909,381.827406
ambench_multiline_process_dense_csv,data/interim/ambench/2022_single_track/AMB2022-03/ambench_multiline_process_temperature_a100_sxm4_40gb_v1.csv,120.000000,4.000000,0.000000,0.004000,120.000000,Line_2_2_1,4.000000,ThermalData/Line_2_2_1/Signal,285.000000,800.000000,67.000000,52,25,10,250,0.208000,1239.974992,1450.559463,144.199664,379.663457
ambench_multiline_process_dense_csv,data/interim/ambench/2022_single_track/AMB2022-03/ambench_multiline_process_temperature_a100_sxm4_40gb_v1.csv,130.000000,4.000000,0.000000,0.004333,130.000000,Line_2_2_1,4.000000,ThermalData/Line_2_2_1/Signal,285.000000,800.000000,67.000000,52,23,9,207,0.251208,1234.451061,1450.559463,150.360389,381.827406
ambench_multiline_process_dense_csv,data/interim/ambench/2022_single_track/AMB2022-03/ambench_multiline_process_temperature_a100_sxm4_40gb_v1.csv,140.000000,4.000000,0.000000,0.004667,140.000000,Line_2_2_1,4.000000,ThermalData/Line_2_2_1/Signal,285.000000,800.000000,67.000000,53,24,11,264,0.200758,1218.553375,1450.559463,147.875117,384.796574
ambench_multiline_process_dense_csv,data/interim/ambench/2022_single_track/AMB2022-03/ambench_multiline_process_temperature_a100_sxm4_40gb_v1.csv,150.000000,4.000000,0.000000,0.005000,150.000000,Line_2_2_1,4.000000,ThermalData/Line_2_2_1/Signal,285.000000,800.000000,67.000000,52,24,8,192,0.270833,1227.276389,1450.559463,148.865339,384.044966
ambench_multiline_process_dense_csv,data/interim/ambench/2022_single_track/AMB2022-03/ambench_multiline_process_temperature_a100_sxm4_40gb_v1.csv,160.000000,4.000000,0.000000,0.005333,160.000000,Line_2_2_1,4.000000,ThermalData/Line_2_2_1/Signal,285.000000,800.000000,67.000000,46,24,9,216,0.212963,1242.557897,1450.559463,141.675117,385.554586
ambench_multiline_process_dense_csv,data/interim/ambench/2022_single_track/AMB2022-03/ambench_multiline_process_temperature_a100_sxm4_40gb_v1.csv,170.000000,4.000000,0.000000,0.005667,170.000000,Line_2_2_1,4.000000,ThermalData/Line_2_2_1/Signal,285.000000,800.000000,67.000000,49,24,9,216,0.226852,1236.045838,1450.559463,145.335441,378.249240
ambench_multiline_process_dense_csv,data/interim/ambench/2022_single_track/AMB2022-03/ambench_multiline_process_temperature_a100_sxm4_40gb_v1.csv,180.000000,4.000000,0.000000,0.006000,180.000000,Line_2_2_1,4.000000,ThermalData/Line_2_2_1/Signal,285.000000,800.000000,67.000000,49,23,9,207,0.236715,1225.520100,1450.559463,145.776061,385.554586
ambench_multiline_process_dense_csv,data/interim/ambench/2022_single_track/AMB2022-03/ambench_multiline_process_temperature_a100_sxm4_40gb_v1.csv,190.000000,4.000000,0.000000,0.006333,190.000000,Line_2_2_1,4.000000,ThermalData/Line_2_2_1/Signal,285.000000,800.000000,67.000000,53,24,9,216,0.245370,1227.188589,1450.559463,147.801064,384.044966
ambench_multiline_process_dense_csv,data/interim/ambench/2022_single_track/AMB2022-03/ambench_multiline_process_temperature_a100_sxm4_40gb_v1.csv,200.000000,4.000000,0.000000,0.006667,200.000000,Line_2_2_1,4.000000,ThermalData/Line_2_2_1/Signal,285.000000,800.000000,67.000000,52,25,8,200,0.260000,1243.757087,1450.559463,144.585862,384.796574
ambench_multiline_process_dense_csv,data/interim/ambench/2022_single_track/AMB2022-03/ambench_multiline_process_temperature_a100_sxm4_40gb_v1.csv,210.000000,4.000000,0.000000,0.007000,210.000000,Line_2_2_1,4.000000,ThermalData/Line_2_2_1/Signal,285.000000,800.000000,67.000000,56,26,10,260,0.215385,1209.829350,1450.559463,154.520716,384.044966
ambench_multiline_process_dense_csv,data/interim/ambench/2022_single_track/AMB2022-03/ambench_multiline_process_temperature_a100_sxm4_40gb_v1.csv,220.000000,4.000000,0.000000,0.007333,220.000000,Line_2_2_1,4.000000,ThermalData/Line_2_2_1/Signal,285.000000,800.000000,67.000000,49,23,8,184,0.266304,1230.138262,1450.559463,145.565884,378.953572
ambench_multiline_process_dense_csv,data/interim/ambench/2022_single_track/AMB2022-03/ambench_multiline_process_temperature_a100_sxm4_40gb_v1.csv,230.000000,4.000000,0.000000,0.007667,230.000000,Line_2_2_1,4.000000,ThermalData/Line_2_2_1/Signal,285.000000,800.000000,67.000000,48,24,7,168,0.285714,1247.848349,1450.559463,140.132562,382.560493
ambench_multiline_process_dense_csv,data/interim/ambench/2022_single_track/AMB2022-03/ambench_multiline_process_temperature_a100_sxm4_40gb_v1.csv,240.000000,4.000000,0.000000,0.008000,240.000000,Line_2_2_1,4.000000,ThermalData/Line_2_2_1/Signal,285.000000,800.000000,67.000000,62,25,10,250,0.248000,1231.812777,1450.559463,141.052754,383.299643
ambench_multiline_process_dense_csv,data/interim/ambench/2022_single_track/AMB2022-03/ambench_multiline_process_temperature_a100_sxm4_40gb_v1.csv,250.000000,4.000000,0.000000,0.008333,250.000000,Line_2_2_1,4.000000,ThermalData/Line_2_2_1/Signal,285.000000,800.000000,67.000000,55,25,9,225,0.244444,1223.821075,1450.559463,146.117836,382.560493
ambench_multiline_process_dense_csv,data/interim/ambench/2022_single_track/AMB2022-03/ambench_multiline_process_temperature_a100_sxm4_40gb_v1.csv,260.000000,4.000000,0.000000,0.008667,260.000000,Line_2_2_1,4.000000,ThermalData/Line_2_2_1/Signal,285.000000,800.000000,67.000000,52,23,9,207,0.251208,1231.175023,1450.559463,146.503858,381.100273
ambench_multiline_process_dense_csv,data/interim/ambench/2022_single_track/AMB2022-03/ambench_multiline_process_temperature_a100_sxm4_40gb_v1.csv,270.000000,4.000000,0.000000,0.009000,270.000000,Line_2_2_1,4.000000,ThermalData/Line_2_2_1/Signal,285.000000,800.000000,67.000000,60,24,8,192,0.312500,1229.864483,1450.559463,141.599163,383.299643
ambench_multiline_process_dense_csv,data/interim/ambench/2022_single_track/AMB2022-03/ambench_multiline_process_temperature_a100_sxm4_40gb_v1.csv,280.000000,4.000000,0.000000,0.009333,280.000000,Line_2_2_1,4.000000,ThermalData/Line_2_2_1/Signal,285.000000,800.000000,67.000000,52,25,9,225,0.231111,1244.980603,1450.559463,141.823195,384.796574
ambench_multiline_process_dense_csv,data/interim/ambench/2022_single_track/AMB2022-03/ambench_multiline_process_temperature_a100_sxm4_40gb_v1.csv,290.000000,4.000000,0.000000,0.009667,290.000000,Line_2_2_1,4.000000,ThermalData/Line_2_2_1/Signal,285.000000,800.000000,67.000000,59,25,8,200,0.295000,1224.538498,1450.559463,147.118506,383.299643
ambench_multiline_process_dense_csv,data/interim/ambench/2022_single_track/AMB2022-03/ambench_multiline_process_temperature_a100_sxm4_40gb_v1.csv,300.000000,4.000000,0.000000,0.010000,300.000000,Line_2_2_1,4.000000,ThermalData/Line_2_2_1/Signal,285.000000,800.000000,67.000000,52,24,9,216,0.240741,1230.564826,1450.559463,145.907870,384.796574
ambench_multiline_process_dense_csv,data/interim/ambench/2022_single_track/AMB2022-03/ambench_multiline_process_temperature_a100_sxm4_40gb_v1.csv,310.000000,4.000000,0.000000,0.010333,310.000000,Line_2_2_1,4.000000,ThermalData/Line_2_2_1/Signal,285.000000,800.000000,67.000000,57,27,9,243,0.234568,1233.288097,1450.559463,144.607646,385.554586
ambench_multiline_process_dense_csv,data/interim/ambench/2022_single_track/AMB2022-03/ambench_multiline_process_temperature_a100_sxm4_40gb_v1.csv,320.000000,4.000000,0.000000,0.010667,320.000000,Line_2_2_1,4.000000,ThermalData/Line_2_2_1/Signal,285.000000,800.000000,67.000000,60,25,9,225,0.266667,1224.833097,1450.559463,141.438080,385.554586
ambench_multiline_process_dense_csv,data/interim/ambench/2022_single_track/AMB2022-03/ambench_multiline_process_temperature_a100_sxm4_40gb_v1.csv,330.000000,4.000000,0.000000,0.011000,330.000000,Line_2_2_1,4.000000,ThermalData/Line_2_2_1/Signal,285.000000,800.000000,67.000000,62,26,10,260,0.238462,1221.931605,1450.559463,143.065994,384.796574
ambench_multiline_process_dense_csv,data/interim/ambench/2022_single_track/AMB2022-03/ambench_multiline_process_temperature_a100_sxm4_40gb_v1.csv,340.000000,4.000000,0.000000,0.011333,340.000000,Line_2_2_1,4.000000,ThermalData/Line_2_2_1/Signal,285.000000,800.000000,67.000000,53,25,9,225,0.235556,1231.984592,1450.559463,146.077923,384.044966
ambench_multiline_process_dense_csv,data/interim/ambench/2022_single_track/AMB2022-03/ambench_multiline_process_temperature_a100_sxm4_40gb_v1.csv,350.000000,4.000000,0.000000,0.011667,350.000000,Line_2_2_1,4.000000,ThermalData/Line_2_2_1/Signal,285.000000,800.000000,67.000000,76,30,9,270,0.281481,1210.708061,1450.559463,138.016420,384.796574
ambench_multiline_process_dense_csv,data/interim/ambench/2022_single_track/AMB2022-03/ambench_multiline_process_temperature_a100_sxm4_40gb_v1.csv,360.000000,4.000000,0.000000,0.012000,360.000000,Line_2_2_1,4.000000,ThermalData/Line_2_2_1/Signal,285.000000,800.000000,67.000000,49,24,9,216,0.226852,1248.780085,1450.559463,139.264291,384.796574
ambench_multiline_process_dense_csv,data/interim/ambench/2022_single_track/AMB2022-03/ambench_multiline_process_temperature_a100_sxm4_40gb_v1.csv,370.000000,4.000000,0.000000,0.012333,370.000000,Line_2_2_1,4.000000,ThermalData/Line_2_2_1/Signal,285.000000,800.000000,67.000000,63,26,11,286,0.220280,1219.486799,1450.559463,145.954245,384.044966
ambench_multiline_process_dense_csv,data/interim/ambench/2022_single_track/AMB2022-03/ambench_multiline_process_temperature_a100_sxm4_40gb_v1.csv,380.000000,4.000000,0.000000,0.012667,380.000000,Line_2_2_1,4.000000,ThermalData/Line_2_2_1/Signal,285.000000,800.000000,67.000000,59,27,10,270,0.218519,1230.854252,1450.559463,139.515095,379.663457
ambench_multiline_process_dense_csv,data/interim/ambench/2022_single_track/AMB2022-03/ambench_multiline_process_temperature_a100_sxm4_40gb_v1.csv,390.000000,4.000000,0.000000,0.013000,390.000000,Line_2_2_1,4.000000,ThermalData/Line_2_2_1/Signal,285.000000,800.000000,67.000000,11,10,2,20,0.550000,1266.563749,1384.959043,90.695627,298.287935
ambench_multiline_process_dense_csv,data/interim/ambench/2022_single_track/AMB2022-03/ambench_multiline_process_temperature_a100_sxm4_40gb_v1.csv,0.000000,5.000000,0.000000,0.000000,0.000000,Line_3_1_1,5.000000,ThermalData/Line_3_1_1/Signal,325.000000,960.000000,67.000000,73,63,3,189,0.386243,1081.539887,1091.820195,9.116876,35.004294
ambench_multiline_process_dense_csv,data/interim/ambench/2022_single_track/AMB2022-03/ambench_multiline_process_temperature_a100_sxm4_40gb_v1.csv,10.000000,5.000000,0.000000,0.000333,10.000000,Line_3_1_1,5.000000,ThermalData/Line_3_1_1/Signal,325.000000,960.000000,67.000000,122,32,31,992,0.122984,1199.564804,1402.876729,127.836580,385.554586
ambench_multiline_process_dense_csv,data/interim/ambench/2022_single_track/AMB2022-03/ambench_multiline_process_temperature_a100_sxm4_40gb_v1.csv,20.000000,5.000000,0.000000,0.000667,20.000000,Line_3_1_1,5.000000,ThermalData/Line_3_1_1/Signal,325.000000,960.000000,67.000000,63,25,12,300,0.210000,1227.139742,1450.559463,144.619924,384.796574
ambench_multiline_process_dense_csv,data/interim/ambench/2022_single_track/AMB2022-03/ambench_multiline_process_temperature_a100_sxm4_40gb_v1.csv,30.000000,5.000000,0.000000,0.001000,30.000000,Line_3_1_1,5.000000,ThermalData/Line_3_1_1/Signal,325.000000,960.000000,67.000000,68,25,15,375,0.181333,1218.839367,1450.559463,150.293989,384.796574
ambench_multiline_process_dense_csv,data/interim/ambench/2022_single_track/AMB2022-03/ambench_multiline_process_temperature_a100_sxm4_40gb_v1.csv,40.000000,5.000000,0.000000,0.001333,40.000000,Line_3_1_1,5.000000,ThermalData/Line_3_1_1/Signal,325.000000,960.000000,67.000000,67,24,14,336,0.199405,1224.433959,1450.559463,143.589215,383.299643
ambench_multiline_process_dense_csv,data/interim/ambench/2022_single_track/AMB2022-03/ambench_multiline_process_temperature_a100_sxm4_40gb_v1.csv,50.000000,5.000000,0.000000,0.001667,50.000000,Line_3_1_1,5.000000,ThermalData/Line_3_1_1/Signal,325.000000,960.000000,67.000000,60,23,11,253,0.237154,1230.233301,1450.559463,143.578893,381.827406
ambench_multiline_process_dense_csv,data/interim/ambench/2022_single_track/AMB2022-03/ambench_multiline_process_temperature_a100_sxm4_40gb_v1.csv,60.000000,5.000000,0.000000,0.002000,60.000000,Line_3_1_1,5.000000,ThermalData/Line_3_1_1/Signal,325.000000,960.000000,67.000000,61,27,10,270,0.225926,1212.815938,1450.559463,143.799369,385.554586
ambench_multiline_process_dense_csv,data/interim/ambench/2022_single_track/AMB2022-03/ambench_multiline_process_temperature_a100_sxm4_40gb_v1.csv,70.000000,5.000000,0.000000,0.002333,70.000000,Line_3_1_1,5.000000,ThermalData/Line_3_1_1/Signal,325.000000,960.000000,67.000000,56,29,10,290,0.193103,1234.672860,1450.559463,142.971195,385.554586
ambench_multiline_process_dense_csv,data/interim/ambench/2022_single_track/AMB2022-03/ambench_multiline_process_temperature_a100_sxm4_40gb_v1.csv,80.000000,5.000000,0.000000,0.002667,80.000000,Line_3_1_1,5.000000,ThermalData/Line_3_1_1/Signal,325.000000,960.000000,67.000000,59,30,11,330,0.178788,1223.466962,1450.559463,138.796673,384.044966
ambench_multiline_process_dense_csv,data/interim/ambench/2022_single_track/AMB2022-03/ambench_multiline_process_temperature_a100_sxm4_40gb_v1.csv,90.000000,5.000000,0.000000,0.003000,90.000000,Line_3_1_1,5.000000,ThermalData/Line_3_1_1/Signal,325.000000,960.000000,67.000000,56,26,9,234,0.239316,1235.180616,1450.559463,136.388603,385.554586
ambench_multiline_process_dense_csv,data/interim/ambench/2022_single_track/AMB2022-03/ambench_multiline_process_temperature_a100_sxm4_40gb_v1.csv,100.000000,5.000000,0.000000,0.003333,100.000000,Line_3_1_1,5.000000,ThermalData/Line_3_1_1/Signal,325.000000,960.000000,67.000000,66,29,11,319,0.206897,1211.999214,1450.559463,139.220120,383.299643
ambench_multiline_process_dense_csv,data/interim/ambench/2022_single_track/AMB2022-03/ambench_multiline_process_temperature_a100_sxm4_40gb_v1.csv,110.000000,5.000000,0.000000,0.003667,110.000000,Line_3_1_1,5.000000,ThermalData/Line_3_1_1/Signal,325.000000,960.000000,67.000000,64,27,10,270,0.237037,1219.840074,1450.559463,138.263719,384.796574
ambench_multiline_process_dense_csv,data/interim/ambench/2022_single_track/AMB2022-03/ambench_multiline_process_temperature_a100_sxm4_40gb_v1.csv,120.000000,5.000000,0.000000,0.004000,120.000000,Line_3_1_1,5.000000,ThermalData/Line_3_1_1/Signal,325.000000,960.000000,67.000000,56,31,8,248,0.225806,1228.705188,1450.559463,143.602732,384.044966
ambench_multiline_process_dense_csv,data/interim/ambench/2022_single_track/AMB2022-03/ambench_multiline_process_temperature_a100_sxm4_40gb_v1.csv,130.000000,5.000000,0.000000,0.004333,130.000000,Line_3_1_1,5.000000,ThermalData/Line_3_1_1/Signal,325.000000,960.000000,67.000000,60,26,9,234,0.256410,1222.731103,1450.559463,142.233205,384.796574
ambench_multiline_process_dense_csv,data/interim/ambench/2022_single_track/AMB2022-03/ambench_multiline_process_temperature_a100_sxm4_40gb_v1.csv,140.000000,5.000000,0.000000,0.004667,140.000000,Line_3_1_1,5.000000,ThermalData/Line_3_1_1/Signal,325.000000,960.000000,67.000000,56,25,9,225,0.248889,1236.627902,1450.559463,140.034950,378.953572
ambench_multiline_process_dense_csv,data/interim/ambench/2022_single_track/AMB2022-03/ambench_multiline_process_temperature_a100_sxm4_40gb_v1.csv,150.000000,5.000000,0.000000,0.005000,150.000000,Line_3_1_1,5.000000,ThermalData/Line_3_1_1/Signal,325.000000,960.000000,67.000000,63,27,9,243,0.259259,1215.400000,1450.559463,142.141560,378.249240
ambench_multiline_process_dense_csv,data/interim/ambench/2022_single_track/AMB2022-03/ambench_multiline_process_temperature_a100_sxm4_40gb_v1.csv,160.000000,5.000000,0.000000,0.005333,160.000000,Line_3_1_1,5.000000,ThermalData/Line_3_1_1/Signal,325.000000,960.000000,67.000000,59,27,11,297,0.198653,1227.137402,1450.559463,142.028575,381.827406
ambench_multiline_process_dense_csv,data/interim/ambench/2022_single_track/AMB2022-03/ambench_multiline_process_temperature_a100_sxm4_40gb_v1.csv,170.000000,5.000000,0.000000,0.005667,170.000000,Line_3_1_1,5.000000,ThermalData/Line_3_1_1/Signal,325.000000,960.000000,67.000000,62,27,11,297,0.208754,1212.656359,1450.559463,148.936696,384.796574
ambench_multiline_process_dense_csv,data/interim/ambench/2022_single_track/AMB2022-03/ambench_multiline_process_temperature_a100_sxm4_40gb_v1.csv,180.000000,5.000000,0.000000,0.006000,180.000000,Line_3_1_1,5.000000,ThermalData/Line_3_1_1/Signal,325.000000,960.000000,67.000000,66,27,10,270,0.244444,1225.642588,1450.559463,138.177016,384.044966
ambench_multiline_process_dense_csv,data/interim/ambench/2022_single_track/AMB2022-03/ambench_multiline_process_temperature_a100_sxm4_40gb_v1.csv,190.000000,5.000000,0.000000,0.006333,190.000000,Line_3_1_1,5.000000,ThermalData/Line_3_1_1/Signal,325.000000,960.000000,67.000000,66,26,12,312,0.211538,1226.162929,1450.559463,144.302194,381.827406
ambench_multiline_process_dense_csv,data/interim/ambench/2022_single_track/AMB2022-03/ambench_multiline_process_temperature_a100_sxm4_40gb_v1.csv,200.000000,5.000000,0.000000,0.006667,200.000000,Line_3_1_1,5.000000,ThermalData/Line_3_1_1/Signal,325.000000,960.000000,67.000000,59,26,12,312,0.189103,1228.497726,1450.559463,144.393918,384.796574
ambench_multiline_process_dense_csv,data/interim/ambench/2022_single_track/AMB2022-03/ambench_multiline_process_temperature_a100_sxm4_40gb_v1.csv,210.000000,5.000000,0.000000,0.007000,210.000000,Line_3_1_1,5.000000,ThermalData/Line_3_1_1/Signal,325.000000,960.000000,67.000000,63,27,10,270,0.233333,1226.494968,1450.559463,146.010804,385.554586
ambench_multiline_process_dense_csv,data/interim/ambench/2022_single_track/AMB2022-03/ambench_multiline_process_temperature_a100_sxm4_40gb_v1.csv,220.000000,5.000000,0.000000,0.007333,220.000000,Line_3_1_1,5.000000,ThermalData/Line_3_1_1/Signal,325.000000,960.000000,67.000000,63,26,11,286,0.220280,1234.462080,1450.559463,136.171255,379.663457
ambench_multiline_process_dense_csv,data/interim/ambench/2022_single_track/AMB2022-03/ambench_multiline_process_temperature_a100_sxm4_40gb_v1.csv,230.000000,5.000000,0.000000,0.007667,230.000000,Line_3_1_1,5.000000,ThermalData/Line_3_1_1/Signal,325.000000,960.000000,67.000000,63,26,10,260,0.242308,1220.678783,1450.559463,143.547930,385.554586
ambench_multiline_process_dense_csv,data/interim/ambench/2022_single_track/AMB2022-03/ambench_multiline_process_temperature_a100_sxm4_40gb_v1.csv,240.000000,5.000000,0.000000,0.008000,240.000000,Line_3_1_1,5.000000,ThermalData/Line_3_1_1/Signal,325.000000,960.000000,67.000000,70,27,11,297,0.235690,1223.555637,1450.559463,138.299222,384.796574
ambench_multiline_process_dense_csv,data/interim/ambench/2022_single_track/AMB2022-03/ambench_multiline_process_temperature_a100_sxm4_40gb_v1.csv,250.000000,5.000000,0.000000,0.008333,250.000000,Line_3_1_1,5.000000,ThermalData/Line_3_1_1/Signal,325.000000,960.000000,67.000000,66,27,11,297,0.222222,1215.061348,1450.559463,145.720479,384.796574
ambench_multiline_process_dense_csv,data/interim/ambench/2022_single_track/AMB2022-03/ambench_multiline_process_temperature_a100_sxm4_40gb_v1.csv,260.000000,5.000000,0.000000,0.008667,260.000000,Line_3_1_1,5.000000,ThermalData/Line_3_1_1/Signal,325.000000,960.000000,67.000000,55,26,9,234,0.235043,1231.728995,1450.559463,147.744399,384.796574
ambench_multiline_process_dense_csv,data/interim/ambench/2022_single_track/AMB2022-03/ambench_multiline_process_temperature_a100_sxm4_40gb_v1.csv,270.000000,5.000000,0.000000,0.009000,270.000000,Line_3_1_1,5.000000,ThermalData/Line_3_1_1/Signal,325.000000,960.000000,67.000000,56,25,9,225,0.248889,1231.433952,1450.559463,144.715005,384.796574
ambench_multiline_process_dense_csv,data/interim/ambench/2022_single_track/AMB2022-03/ambench_multiline_process_temperature_a100_sxm4_40gb_v1.csv,280.000000,5.000000,0.000000,0.009333,280.000000,Line_3_1_1,5.000000,ThermalData/Line_3_1_1/Signal,325.000000,960.000000,67.000000,59,24,10,240,0.245833,1237.509706,1450.559463,138.204770,384.044966
ambench_multiline_process_dense_csv,data/interim/ambench/2022_single_track/AMB2022-03/ambench_multiline_process_temperature_a100_sxm4_40gb_v1.csv,290.000000,5.000000,0.000000,0.009667,290.000000,Line_3_1_1,5.000000,ThermalData/Line_3_1_1/Signal,325.000000,960.000000,67.000000,56,24,10,240,0.233333,1244.323109,1450.559463,142.106827,384.044966
ambench_multiline_process_dense_csv,data/interim/ambench/2022_single_track/AMB2022-03/ambench_multiline_process_temperature_a100_sxm4_40gb_v1.csv,300.000000,5.000000,0.000000,0.010000,300.000000,Line_3_1_1,5.000000,ThermalData/Line_3_1_1/Signal,325.000000,960.000000,67.000000,80,28,11,308,0.259740,1205.348216,1450.559463,140.834174,384.796574
ambench_multiline_process_dense_csv,data/interim/ambench/2022_single_track/AMB2022-03/ambench_multiline_process_temperature_a100_sxm4_40gb_v1.csv,310.000000,5.000000,0.000000,0.010333,310.000000,Line_3_1_1,5.000000,ThermalData/Line_3_1_1/Signal,325.000000,960.000000,67.000000,63,27,10,270,0.233333,1219.063819,1450.559463,146.434757,385.554586
ambench_multiline_process_dense_csv,data/interim/ambench/2022_single_track/AMB2022-03/ambench_multiline_process_temperature_a100_sxm4_40gb_v1.csv,320.000000,5.000000,0.000000,0.010667,320.000000,Line_3_1_1,5.000000,ThermalData/Line_3_1_1/Signal,325.000000,960.000000,67.000000,26,17,3,51,0.509804,1310.521639,1450.559463,139.542823,385.554586
ambench_multiline_process_dense_csv,data/interim/ambench/2022_single_track/AMB2022-03/ambench_multiline_process_temperature_a100_sxm4_40gb_v1.csv,0.000000,6.000000,0.000000,0.000000,0.000000,Line_3_2_1,6.000000,ThermalData/Line_3_2_1/Signal,245.000000,960.000000,67.000000,74,66,4,264,0.280303,1082.261265,1095.164766,10.504230,42.471758
ambench_multiline_process_dense_csv,data/interim/ambench/2022_single_track/AMB2022-03/ambench_multiline_process_temperature_a100_sxm4_40gb_v1.csv,10.000000,6.000000,0.000000,0.000333,10.000000,Line_3_2_1,6.000000,ThermalData/Line_3_2_1/Signal,245.000000,960.000000,67.000000,100,31,20,620,0.161290,1207.646067,1450.559463,138.081170,381.827406
ambench_multiline_process_dense_csv,data/interim/ambench/2022_single_track/AMB2022-03/ambench_multiline_process_temperature_a100_sxm4_40gb_v1.csv,20.000000,6.000000,0.000000,0.000667,20.000000,Line_3_2_1,6.000000,ThermalData/Line_3_2_1/Signal,245.000000,960.000000,67.000000,63,26,13,338,0.186391,1208.062561,1450.559463,141.095629,385.554586
ambench_multiline_process_dense_csv,data/interim/ambench/2022_single_track/AMB2022-03/ambench_multiline_process_temperature_a100_sxm4_40gb_v1.csv,30.000000,6.000000,0.000000,0.001000,30.000000,Line_3_2_1,6.000000,ThermalData/Line_3_2_1/Signal,245.000000,960.000000,67.000000,63,23,15,345,0.182609,1196.383418,1450.559463,141.354146,385.554586
ambench_multiline_process_dense_csv,data/interim/ambench/2022_single_track/AMB2022-03/ambench_multiline_process_temperature_a100_sxm4_40gb_v1.csv,40.000000,6.000000,0.000000,0.001333,40.000000,Line_3_2_1,6.000000,ThermalData/Line_3_2_1/Signal,245.000000,960.000000,67.000000,73,25,12,300,0.243333,1211.468229,1450.559463,131.187632,383.299643
ambench_multiline_process_dense_csv,data/interim/ambench/2022_single_track/AMB2022-03/ambench_multiline_process_temperature_a100_sxm4_40gb_v1.csv,50.000000,6.000000,0.000000,0.001667,50.000000,Line_3_2_1,6.000000,ThermalData/Line_3_2_1/Signal,245.000000,960.000000,67.000000,48,21,10,210,0.228571,1224.676312,1450.559463,141.806461,384.796574
ambench_multiline_process_dense_csv,data/interim/ambench/2022_single_track/AMB2022-03/ambench_multiline_process_temperature_a100_sxm4_40gb_v1.csv,60.000000,6.000000,0.000000,0.002000,60.000000,Line_3_2_1,6.000000,ThermalData/Line_3_2_1/Signal,245.000000,960.000000,67.000000,66,26,9,234,0.282051,1204.670084,1450.559463,133.403364,384.796574
ambench_multiline_process_dense_csv,data/interim/ambench/2022_single_track/AMB2022-03/ambench_multiline_process_temperature_a100_sxm4_40gb_v1.csv,70.000000,6.000000,0.000000,0.002333,70.000000,Line_3_2_1,6.000000,ThermalData/Line_3_2_1/Signal,245.000000,960.000000,67.000000,56,23,8,184,0.304348,1216.427177,1450.559463,133.772298,384.796574
ambench_multiline_process_dense_csv,data/interim/ambench/2022_single_track/AMB2022-03/ambench_multiline_process_temperature_a100_sxm4_40gb_v1.csv,80.000000,6.000000,0.000000,0.002667,80.000000,Line_3_2_1,6.000000,ThermalData/Line_3_2_1/Signal,245.000000,960.000000,67.000000,55,23,10,230,0.239130,1213.608158,1450.559463,134.915557,385.554586
ambench_multiline_process_dense_csv,data/interim/ambench/2022_single_track/AMB2022-03/ambench_multiline_process_temperature_a100_sxm4_40gb_v1.csv,90.000000,6.000000,0.000000,0.003000,90.000000,Line_3_2_1,6.000000,ThermalData/Line_3_2_1/Signal,245.000000,960.000000,67.000000,57,23,10,230,0.247826,1210.751481,1450.559463,136.362141,385.554586
ambench_multiline_process_dense_csv,data/interim/ambench/2022_single_track/AMB2022-03/ambench_multiline_process_temperature_a100_sxm4_40gb_v1.csv,100.000000,6.000000,0.000000,0.003333,100.000000,Line_3_2_1,6.000000,ThermalData/Line_3_2_1/Signal,245.000000,960.000000,67.000000,56,23,11,253,0.221344,1209.438027,1450.559463,132.631843,385.554586
ambench_multiline_process_dense_csv,data/interim/ambench/2022_single_track/AMB2022-03/ambench_multiline_process_temperature_a100_sxm4_40gb_v1.csv,110.000000,6.000000,0.000000,0.003667,110.000000,Line_3_2_1,6.000000,ThermalData/Line_3_2_1/Signal,245.000000,960.000000,67.000000,56,23,8,184,0.304348,1211.323917,1450.559463,136.140519,382.560493
ambench_multiline_process_dense_csv,data/interim/ambench/2022_single_track/AMB2022-03/ambench_multiline_process_temperature_a100_sxm4_40gb_v1.csv,120.000000,6.000000,0.000000,0.004000,120.000000,Line_3_2_1,6.000000,ThermalData/Line_3_2_1/Signal,245.000000,960.000000,67.000000,52,22,9,198,0.262626,1222.512258,1450.559463,139.041430,384.044966
ambench_multiline_process_dense_csv,data/interim/ambench/2022_single_track/AMB2022-03/ambench_multiline_process_temperature_a100_sxm4_40gb_v1.csv,130.000000,6.000000,0.000000,0.004333,130.000000,Line_3_2_1,6.000000,ThermalData/Line_3_2_1/Signal,245.000000,960.000000,67.000000,56,24,9,216,0.259259,1201.116121,1450.559463,140.752802,385.554586
ambench_multiline_process_dense_csv,data/interim/ambench/2022_single_track/AMB2022-03/ambench_multiline_process_temperature_a100_sxm4_40gb_v1.csv,140.000000,6.000000,0.000000,0.004667,140.000000,Line_3_2_1,6.000000,ThermalData/Line_3_2_1/Signal,245.000000,960.000000,67.000000,53,22,8,176,0.301136,1202.889695,1450.559463,143.178391,384.044966
ambench_multiline_process_dense_csv,data/interim/ambench/2022_single_track/AMB2022-03/ambench_multiline_process_temperature_a100_sxm4_40gb_v1.csv,150.000000,6.000000,0.000000,0.005000,150.000000,Line_3_2_1,6.000000,ThermalData/Line_3_2_1/Signal,245.000000,960.000000,67.000000,54,21,11,231,0.233766,1222.860772,1450.559463,141.951165,381.827406
ambench_multiline_process_dense_csv,data/interim/ambench/2022_single_track/AMB2022-03/ambench_multiline_process_temperature_a100_sxm4_40gb_v1.csv,160.000000,6.000000,0.000000,0.005333,160.000000,Line_3_2_1,6.000000,ThermalData/Line_3_2_1/Signal,245.000000,960.000000,67.000000,55,23,9,207,0.265700,1225.855306,1450.559463,138.680213,384.044966
ambench_multiline_process_dense_csv,data/interim/ambench/2022_single_track/AMB2022-03/ambench_multiline_process_temperature_a100_sxm4_40gb_v1.csv,170.000000,6.000000,0.000000,0.005667,170.000000,Line_3_2_1,6.000000,ThermalData/Line_3_2_1/Signal,245.000000,960.000000,67.000000,49,21,10,210,0.233333,1212.211369,1450.559463,145.955327,385.554586
ambench_multiline_process_dense_csv,data/interim/ambench/2022_single_track/AMB2022-03/ambench_multiline_process_temperature_a100_sxm4_40gb_v1.csv,180.000000,6.000000,0.000000,0.006000,180.000000,Line_3_2_1,6.000000,ThermalData/Line_3_2_1/Signal,245.000000,960.000000,67.000000,62,23,11,253,0.245059,1208.254723,1450.559463,135.631200,385.554586
ambench_multiline_process_dense_csv,data/interim/ambench/2022_single_track/AMB2022-03/ambench_multiline_process_temperature_a100_sxm4_40gb_v1.csv,190.000000,6.000000,0.000000,0.006333,190.000000,Line_3_2_1,6.000000,ThermalData/Line_3_2_1/Signal,245.000000,960.000000,67.000000,53,20,9,180,0.294444,1220.305888,1450.559463,140.453483,383.299643
ambench_multiline_process_dense_csv,data/interim/ambench/2022_single_track/AMB2022-03/ambench_multiline_process_temperature_a100_sxm4_40gb_v1.csv,200.000000,6.000000,0.000000,0.006667,200.000000,Line_3_2_1,6.000000,ThermalData/Line_3_2_1/Signal,245.000000,960.000000,67.000000,66,26,10,260,0.253846,1212.267471,1450.559463,134.243720,384.796574
ambench_multiline_process_dense_csv,data/interim/ambench/2022_single_track/AMB2022-03/ambench_multiline_process_temperature_a100_sxm4_40gb_v1.csv,210.000000,6.000000,0.000000,0.007000,210.000000,Line_3_2_1,6.000000,ThermalData/Line_3_2_1/Signal,245.000000,960.000000,67.000000,56,23,9,207,0.270531,1209.283975,1450.559463,143.126805,383.299643
ambench_multiline_process_dense_csv,data/interim/ambench/2022_single_track/AMB2022-03/ambench_multiline_process_temperature_a100_sxm4_40gb_v1.csv,220.000000,6.000000,0.000000,0.007333,220.000000,Line_3_2_1,6.000000,ThermalData/Line_3_2_1/Signal,245.000000,960.000000,67.000000,70,26,12,312,0.224359,1202.178440,1450.559463,132.692793,385.554586
ambench_multiline_process_dense_csv,data/interim/ambench/2022_single_track/AMB2022-03/ambench_multiline_process_temperature_a100_sxm4_40gb_v1.csv,230.000000,6.000000,0.000000,0.007667,230.000000,Line_3_2_1,6.000000,ThermalData/Line_3_2_1/Signal,245.000000,960.000000,67.000000,60,25,10,250,0.240000,1205.203999,1450.559463,138.795880,385.554586
ambench_multiline_process_dense_csv,data/interim/ambench/2022_single_track/AMB2022-03/ambench_multiline_process_temperature_a100_sxm4_40gb_v1.csv,240.000000,6.000000,0.000000,0.008000,240.000000,Line_3_2_1,6.000000,ThermalData/Line_3_2_1/Signal,245.000000,960.000000,67.000000,66,25,10,250,0.264000,1207.055747,1450.559463,137.610905,385.554586
ambench_multiline_process_dense_csv,data/interim/ambench/2022_single_track/AMB2022-03/ambench_multiline_process_temperature_a100_sxm4_40gb_v1.csv,250.000000,6.000000,0.000000,0.008333,250.000000,Line_3_2_1,6.000000,ThermalData/Line_3_2_1/Signal,245.000000,960.000000,67.000000,63,25,9,225,0.280000,1208.797455,1450.559463,137.777487,385.554586
ambench_multiline_process_dense_csv,data/interim/ambench/2022_single_track/AMB2022-03/ambench_multiline_process_temperature_a100_sxm4_40gb_v1.csv,260.000000,6.000000,0.000000,0.008667,260.000000,Line_3_2_1,6.000000,ThermalData/Line_3_2_1/Signal,245.000000,960.000000,67.000000,56,23,9,207,0.270531,1217.261797,1450.559463,139.444622,385.554586
ambench_multiline_process_dense_csv,data/interim/ambench/2022_single_track/AMB2022-03/ambench_multiline_process_temperature_a100_sxm4_40gb_v1.csv,270.000000,6.000000,0.000000,0.009000,270.000000,Line_3_2_1,6.000000,ThermalData/Line_3_2_1/Signal,245.000000,960.000000,67.000000,62,24,9,216,0.287037,1222.473254,1450.559463,131.721033,385.554586
ambench_multiline_process_dense_csv,data/interim/ambench/2022_single_track/AMB2022-03/ambench_multiline_process_temperature_a100_sxm4_40gb_v1.csv,280.000000,6.000000,0.000000,0.009333,280.000000,Line_3_2_1,6.000000,ThermalData/Line_3_2_1/Signal,245.000000,960.000000,67.000000,59,24,8,192,0.307292,1219.318014,1450.559463,136.076951,384.044966
ambench_multiline_process_dense_csv,data/interim/ambench/2022_single_track/AMB2022-03/ambench_multiline_process_temperature_a100_sxm4_40gb_v1.csv,290.000000,6.000000,0.000000,0.009667,290.000000,Line_3_2_1,6.000000,ThermalData/Line_3_2_1/Signal,245.000000,960.000000,67.000000,63,27,9,243,0.259259,1220.083203,1450.559463,138.049319,385.554586
ambench_multiline_process_dense_csv,data/interim/ambench/2022_single_track/AMB2022-03/ambench_multiline_process_temperature_a100_sxm4_40gb_v1.csv,300.000000,6.000000,0.000000,0.010000,300.000000,Line_3_2_1,6.000000,ThermalData/Line_3_2_1/Signal,245.000000,960.000000,67.000000,70,25,10,250,0.280000,1204.491042,1450.559463,135.116397,384.796574
ambench_multiline_process_dense_csv,data/interim/ambench/2022_single_track/AMB2022-03/ambench_multiline_process_temperature_a100_sxm4_40gb_v1.csv,310.000000,6.000000,0.000000,0.010333,310.000000,Line_3_2_1,6.000000,ThermalData/Line_3_2_1/Signal,245.000000,960.000000,67.000000,62,24,10,240,0.258333,1211.575880,1450.559463,134.557623,384.044966
ambench_multiline_process_dense_csv,data/interim/ambench/2022_single_track/AMB2022-03/ambench_multiline_process_temperature_a100_sxm4_40gb_v1.csv,320.000000,6.000000,0.000000,0.010667,320.000000,Line_3_2_1,6.000000,ThermalData/Line_3_2_1/Signal,245.000000,960.000000,67.000000,22,15,5,75,0.293333,1281.087464,1450.559463,148.953486,385.554586
