target,profile,model,model_label,alpha,l1_ratio,split,n_rows,feature_count,rmse,mae,r2,nrmse_train_std
gap_expt_ev,descriptor_linear,ordinary_least_squares,ordinary_least_squares,,,train,2674,18,1.202032394,0.846610256,0.272738934,0.852796028
gap_expt_ev,descriptor_linear,ordinary_least_squares,ordinary_least_squares,,,val,944,18,1.098563552,0.748284305,0.347901585,0.779388840
gap_expt_ev,descriptor_linear,ordinary_least_squares,ordinary_least_squares,,,test,986,18,1.409835850,0.966371447,0.223150436,1.000224636
gap_expt_ev,descriptor_linear,ridge,ridge;alpha=1e-06,0.000001000,,train,2674,18,1.202073895,0.846664646,0.272688716,0.852825471
gap_expt_ev,descriptor_linear,ridge,ridge;alpha=1e-06,0.000001000,,val,944,18,1.098024939,0.747823269,0.348540861,0.779006715
gap_expt_ev,descriptor_linear,ridge,ridge;alpha=1e-06,0.000001000,,test,986,18,1.410043487,0.966686992,0.222921594,1.000371946
gap_expt_ev,descriptor_linear,ridge,ridge;alpha=0.0001,0.000100000,,train,2674,18,1.202073895,0.846664643,0.272688716,0.852825471
gap_expt_ev,descriptor_linear,ridge,ridge;alpha=0.0001,0.000100000,,val,944,18,1.098024941,0.747823271,0.348540857,0.779006717
gap_expt_ev,descriptor_linear,ridge,ridge;alpha=0.0001,0.000100000,,test,986,18,1.410043488,0.966686987,0.222921594,1.000371946
gap_expt_ev,descriptor_linear,ridge,ridge;alpha=0.01,0.010000000,,train,2674,18,1.202073895,0.846664354,0.272688716,0.852825471
gap_expt_ev,descriptor_linear,ridge,ridge;alpha=0.01,0.010000000,,val,944,18,1.098025199,0.747823476,0.348540552,0.779006899
gap_expt_ev,descriptor_linear,ridge,ridge;alpha=0.01,0.010000000,,test,986,18,1.410043510,0.966686533,0.222921569,1.000371962
gap_expt_ev,descriptor_linear,ridge,ridge;alpha=1,1.000000000,,train,2674,18,1.202074146,0.846635583,0.272688412,0.852825649
gap_expt_ev,descriptor_linear,ridge,ridge;alpha=1,1.000000000,,val,944,18,1.098050999,0.747843734,0.348509937,0.779025204
gap_expt_ev,descriptor_linear,ridge,ridge;alpha=1,1.000000000,,test,986,18,1.410046055,0.966641489,0.222918764,1.000373768
gap_expt_ev,descriptor_linear,ridge,ridge;alpha=10,10.000000000,,train,2674,18,1.202096226,0.846402507,0.272661692,0.852841314
gap_expt_ev,descriptor_linear,ridge,ridge;alpha=10,10.000000000,,val,944,18,1.098292303,0.748012078,0.348223568,0.779196399
gap_expt_ev,descriptor_linear,ridge,ridge;alpha=10,10.000000000,,test,986,18,1.410091301,0.966279115,0.222868892,1.000405868
gap_expt_ev,descriptor_linear,ridge,ridge;alpha=100,100.000000000,,train,2674,18,1.203031636,0.845727025,0.271529298,0.853504952
gap_expt_ev,descriptor_linear,ridge,ridge;alpha=100,100.000000000,,val,944,18,1.100698488,0.749533327,0.345364561,0.780903495
gap_expt_ev,descriptor_linear,ridge,ridge;alpha=100,100.000000000,,test,986,18,1.411400913,0.965521680,0.221424713,1.001334987
gap_expt_ev,descriptor_linear,lasso,lasso;alpha=1e-05,0.000010000,,train,2674,18,1.202073902,0.846659881,0.272688708,0.852825476
gap_expt_ev,descriptor_linear,lasso,lasso;alpha=1e-05,0.000010000,,val,944,18,1.098029347,0.747828356,0.348535630,0.779009842
gap_expt_ev,descriptor_linear,lasso,lasso;alpha=1e-05,0.000010000,,test,986,18,1.410046982,0.966683608,0.222917743,1.000374425
gap_expt_ev,descriptor_linear,lasso,lasso;alpha=0.0001,0.000100000,,train,2674,18,1.202074558,0.846617789,0.272687913,0.852825942
gap_expt_ev,descriptor_linear,lasso,lasso;alpha=0.0001,0.000100000,,val,944,18,1.098070797,0.747876983,0.348486444,0.779039249
gap_expt_ev,descriptor_linear,lasso,lasso;alpha=0.0001,0.000100000,,test,986,18,1.410074819,0.966651162,0.222887060,1.000394175
gap_expt_ev,descriptor_linear,lasso,lasso;alpha=0.001,0.001000000,,train,2674,18,1.202140184,0.846261276,0.272608497,0.852872501
gap_expt_ev,descriptor_linear,lasso,lasso;alpha=0.001,0.001000000,,val,944,18,1.098545176,0.748370724,0.347923400,0.779375803
gap_expt_ev,descriptor_linear,lasso,lasso;alpha=0.001,0.001000000,,test,986,18,1.410408081,0.966414846,0.222519685,1.000630611
gap_expt_ev,descriptor_linear,lasso,lasso;alpha=0.01,0.010000000,,train,2674,18,1.204346138,0.848610984,0.269936489,0.854437541
gap_expt_ev,descriptor_linear,lasso,lasso;alpha=0.01,0.010000000,,val,944,18,1.102982681,0.754078875,0.342644714,0.782524043
gap_expt_ev,descriptor_linear,lasso,lasso;alpha=0.01,0.010000000,,test,986,18,1.415257194,0.969441574,0.217164397,1.004070871
gap_expt_ev,descriptor_linear,lasso,lasso;alpha=0.1,0.100000000,,train,2674,18,1.228750716,0.872881007,0.240049051,0.871751656
gap_expt_ev,descriptor_linear,lasso,lasso;alpha=0.1,0.100000000,,val,944,18,1.140501358,0.802057529,0.297163373,0.809142110
gap_expt_ev,descriptor_linear,lasso,lasso;alpha=0.1,0.100000000,,test,986,18,1.434188597,0.996527975,0.196080882,1.017501978
gap_expt_ev,descriptor_linear,lasso,lasso;alpha=1,1.000000000,,train,2674,18,1.409519222,1.111659645,0.000000000,1.000000000
gap_expt_ev,descriptor_linear,lasso,lasso;alpha=1,1.000000000,,val,944,18,1.360703707,1.076982311,-0.000437377,0.965367258
gap_expt_ev,descriptor_linear,lasso,lasso;alpha=1,1.000000000,,test,986,18,1.611991946,1.229949836,-0.015606710,1.143646656
gap_expt_ev,descriptor_linear,elastic_net,elastic_net;alpha=0.0001;l1_ratio=0.2,0.000100000,0.200000000,train,2674,18,1.202073965,0.846648884,0.272688630,0.852825521
gap_expt_ev,descriptor_linear,elastic_net,elastic_net;alpha=0.0001;l1_ratio=0.2,0.000100000,0.200000000,val,944,18,1.098039417,0.747837898,0.348523681,0.779016986
gap_expt_ev,descriptor_linear,elastic_net,elastic_net;alpha=0.0001;l1_ratio=0.2,0.000100000,0.200000000,test,986,18,1.410050793,0.966670386,0.222913542,1.000377129
gap_expt_ev,descriptor_linear,elastic_net,elastic_net;alpha=0.0001;l1_ratio=0.5,0.000100000,0.500000000,train,2674,18,1.202074117,0.846636935,0.272688447,0.852825628
gap_expt_ev,descriptor_linear,elastic_net,elastic_net;alpha=0.0001;l1_ratio=0.5,0.000100000,0.500000000,val,944,18,1.098050793,0.747851588,0.348510182,0.779025057
gap_expt_ev,descriptor_linear,elastic_net,elastic_net;alpha=0.0001;l1_ratio=0.5,0.000100000,0.500000000,test,986,18,1.410060868,0.966663813,0.222902436,1.000384277
gap_expt_ev,descriptor_linear,elastic_net,elastic_net;alpha=0.0001;l1_ratio=0.8,0.000100000,0.800000000,train,2674,18,1.202074353,0.846625195,0.272688161,0.852825796
gap_expt_ev,descriptor_linear,elastic_net,elastic_net;alpha=0.0001;l1_ratio=0.8,0.000100000,0.800000000,val,944,18,1.098062658,0.747866470,0.348496103,0.779033475
gap_expt_ev,descriptor_linear,elastic_net,elastic_net;alpha=0.0001;l1_ratio=0.8,0.000100000,0.800000000,test,986,18,1.410069611,0.966656397,0.222892800,1.000390480
gap_expt_ev,descriptor_linear,elastic_net,elastic_net;alpha=0.001;l1_ratio=0.2,0.001000000,0.200000000,train,2674,18,1.202080751,0.846512989,0.272680419,0.852830335
gap_expt_ev,descriptor_linear,elastic_net,elastic_net;alpha=0.001;l1_ratio=0.2,0.001000000,0.200000000,val,944,18,1.098174464,0.747967726,0.348363422,0.779112797
gap_expt_ev,descriptor_linear,elastic_net,elastic_net;alpha=0.001;l1_ratio=0.2,0.001000000,0.200000000,test,986,18,1.410121753,0.966523893,0.222835327,1.000427472
gap_expt_ev,descriptor_linear,elastic_net,elastic_net;alpha=0.001;l1_ratio=0.5,0.001000000,0.500000000,train,2674,18,1.202095701,0.846407307,0.272662328,0.852840942
gap_expt_ev,descriptor_linear,elastic_net,elastic_net;alpha=0.001;l1_ratio=0.5,0.001000000,0.500000000,val,944,18,1.098301997,0.748104504,0.348212062,0.779203277
gap_expt_ev,descriptor_linear,elastic_net,elastic_net;alpha=0.001;l1_ratio=0.5,0.001000000,0.500000000,test,986,18,1.410233674,0.966484187,0.222711956,1.000506876
gap_expt_ev,descriptor_linear,elastic_net,elastic_net;alpha=0.001;l1_ratio=0.8,0.001000000,0.800000000,train,2674,18,1.202119431,0.846318000,0.272633612,0.852857777
gap_expt_ev,descriptor_linear,elastic_net,elastic_net;alpha=0.001;l1_ratio=0.8,0.001000000,0.800000000,val,944,18,1.098443664,0.748255702,0.348043905,0.779303785
gap_expt_ev,descriptor_linear,elastic_net,elastic_net;alpha=0.001;l1_ratio=0.8,0.001000000,0.800000000,test,986,18,1.410338852,0.966444509,0.222596007,1.000581496
gap_expt_ev,descriptor_linear,elastic_net,elastic_net;alpha=0.01;l1_ratio=0.2,0.010000000,0.200000000,train,2674,18,1.202553486,0.845859705,0.272108249,0.853165723
gap_expt_ev,descriptor_linear,elastic_net,elastic_net;alpha=0.01;l1_ratio=0.2,0.010000000,0.200000000,val,944,18,1.099725144,0.749190148,0.346521832,0.780212945
gap_expt_ev,descriptor_linear,elastic_net,elastic_net;alpha=0.01;l1_ratio=0.2,0.010000000,0.200000000,test,986,18,1.411324542,0.966230037,0.221508968,1.001280805
gap_expt_ev,descriptor_linear,elastic_net,elastic_net;alpha=0.01;l1_ratio=0.5,0.010000000,0.500000000,train,2674,18,1.203327671,0.845934461,0.271170737,0.853714978
gap_expt_ev,descriptor_linear,elastic_net,elastic_net;alpha=0.01;l1_ratio=0.5,0.010000000,0.500000000,val,944,18,1.101187417,0.750051119,0.344782855,0.781250372
gap_expt_ev,descriptor_linear,elastic_net,elastic_net;alpha=0.01;l1_ratio=0.5,0.010000000,0.500000000,test,986,18,1.413786557,0.967249314,0.218790489,1.003027511
gap_expt_ev,descriptor_linear,elastic_net,elastic_net;alpha=0.01;l1_ratio=0.8,0.010000000,0.800000000,train,2674,18,1.203937269,0.847391342,0.270432110,0.854147464
gap_expt_ev,descriptor_linear,elastic_net,elastic_net;alpha=0.01;l1_ratio=0.8,0.010000000,0.800000000,val,944,18,1.102307283,0.752276688,0.343449515,0.782044874
gap_expt_ev,descriptor_linear,elastic_net,elastic_net;alpha=0.01;l1_ratio=0.8,0.010000000,0.800000000,test,986,18,1.414840875,0.968501615,0.217624895,1.003775509
gap_expt_ev,descriptor_linear,elastic_net,elastic_net;alpha=0.1;l1_ratio=0.2,0.100000000,0.200000000,train,2674,18,1.209545787,0.853884819,0.263618923,0.858126493
gap_expt_ev,descriptor_linear,elastic_net,elastic_net;alpha=0.1;l1_ratio=0.2,0.100000000,0.200000000,val,944,18,1.111104897,0.765698043,0.332927716,0.788286445
gap_expt_ev,descriptor_linear,elastic_net,elastic_net;alpha=0.1;l1_ratio=0.2,0.100000000,0.200000000,test,986,18,1.418580052,0.976177532,0.213484069,1.006428312
gap_expt_ev,descriptor_linear,elastic_net,elastic_net;alpha=0.1;l1_ratio=0.5,0.100000000,0.500000000,train,2674,18,1.217232312,0.863278614,0.254229949,0.863579789
gap_expt_ev,descriptor_linear,elastic_net,elastic_net;alpha=0.1;l1_ratio=0.5,0.100000000,0.500000000,val,944,18,1.124966399,0.785068167,0.316179880,0.798120651
gap_expt_ev,descriptor_linear,elastic_net,elastic_net;alpha=0.1;l1_ratio=0.5,0.100000000,0.500000000,test,986,18,1.420242518,0.982870981,0.211639517,1.007607768
gap_expt_ev,descriptor_linear,elastic_net,elastic_net;alpha=0.1;l1_ratio=0.8,0.100000000,0.800000000,train,2674,18,1.223762009,0.868245060,0.246207299,0.868212359
gap_expt_ev,descriptor_linear,elastic_net,elastic_net;alpha=0.1;l1_ratio=0.8,0.100000000,0.800000000,val,944,18,1.133884547,0.794757237,0.305294966,0.804447735
gap_expt_ev,descriptor_linear,elastic_net,elastic_net;alpha=0.1;l1_ratio=0.8,0.100000000,0.800000000,test,986,18,1.427300269,0.989606548,0.203784695,1.012614972
gap_expt_ev,descriptor_linear,elastic_net,elastic_net;alpha=1;l1_ratio=0.2,1.000000000,0.200000000,train,2674,18,1.276017042,0.955352292,0.180458513,0.905285307
gap_expt_ev,descriptor_linear,elastic_net,elastic_net;alpha=1;l1_ratio=0.2,1.000000000,0.200000000,val,944,18,1.206385800,0.904325869,0.213615026,0.855884603
gap_expt_ev,descriptor_linear,elastic_net,elastic_net;alpha=1;l1_ratio=0.2,1.000000000,0.200000000,test,986,18,1.480704110,1.080080676,0.143087673,1.050502956
gap_expt_ev,descriptor_linear,elastic_net,elastic_net;alpha=1;l1_ratio=0.5,1.000000000,0.500000000,train,2674,18,1.376772148,1.076537368,0.045925832,0.976767203
gap_expt_ev,descriptor_linear,elastic_net,elastic_net;alpha=1;l1_ratio=0.5,1.000000000,0.500000000,val,944,18,1.324467311,1.039207258,0.052137676,0.939658921
gap_expt_ev,descriptor_linear,elastic_net,elastic_net;alpha=1;l1_ratio=0.5,1.000000000,0.500000000,test,986,18,1.583686976,1.197446291,0.019746239,1.123565363
gap_expt_ev,descriptor_linear,elastic_net,elastic_net;alpha=1;l1_ratio=0.8,1.000000000,0.800000000,train,2674,18,1.409519222,1.111659645,0.000000000,1.000000000
gap_expt_ev,descriptor_linear,elastic_net,elastic_net;alpha=1;l1_ratio=0.8,1.000000000,0.800000000,val,944,18,1.360703707,1.076982311,-0.000437377,0.965367258
gap_expt_ev,descriptor_linear,elastic_net,elastic_net;alpha=1;l1_ratio=0.8,1.000000000,0.800000000,test,986,18,1.611991946,1.229949836,-0.015606710,1.143646656
gap_expt_ev,descriptor_linear,huber,huber;alpha=1e-05,0.000010000,,train,2674,18,1.314172514,0.776596939,0.130713864,0.932355156
gap_expt_ev,descriptor_linear,huber,huber;alpha=1e-05,0.000010000,,val,944,18,1.227950551,0.721098746,0.185249699,0.871183969
gap_expt_ev,descriptor_linear,huber,huber;alpha=1e-05,0.000010000,,test,986,18,1.560096126,0.909317076,0.048732753,1.106828557
gap_expt_ev,descriptor_linear,huber,huber;alpha=0.001,0.001000000,,train,2674,18,1.314172492,0.776596953,0.130713892,0.932355140
gap_expt_ev,descriptor_linear,huber,huber;alpha=0.001,0.001000000,,val,944,18,1.227950566,0.721098805,0.185249680,0.871183980
gap_expt_ev,descriptor_linear,huber,huber;alpha=0.001,0.001000000,,test,986,18,1.560096113,0.909317104,0.048732770,1.106828547
gap_expt_ev,descriptor_linear,huber,huber;alpha=0.1,0.100000000,,train,2674,18,1.314179976,0.776577563,0.130703991,0.932360450
gap_expt_ev,descriptor_linear,huber,huber;alpha=0.1,0.100000000,,val,944,18,1.227961489,0.721094575,0.185235184,0.871191729
gap_expt_ev,descriptor_linear,huber,huber;alpha=0.1,0.100000000,,test,986,18,1.560090699,0.909296306,0.048739373,1.106824706
gap_expt_ev,ionicity_proxy,ordinary_least_squares,ordinary_least_squares,,,train,2674,16,1.189340376,0.845985400,0.288015860,0.843791526
gap_expt_ev,ionicity_proxy,ordinary_least_squares,ordinary_least_squares,,,val,944,16,1.116160098,0.755076719,0.326843943,0.791872917
gap_expt_ev,ionicity_proxy,ordinary_least_squares,ordinary_least_squares,,,test,986,16,1.422353378,0.976106795,0.209294347,1.009105343
gap_expt_ev,ionicity_proxy,ridge,ridge;alpha=1e-06,0.000001000,,train,2674,16,1.189340376,0.845985400,0.288015860,0.843791526
gap_expt_ev,ionicity_proxy,ridge,ridge;alpha=1e-06,0.000001000,,val,944,16,1.116160098,0.755076719,0.326843943,0.791872917
gap_expt_ev,ionicity_proxy,ridge,ridge;alpha=1e-06,0.000001000,,test,986,16,1.422353378,0.976106795,0.209294347,1.009105343
gap_expt_ev,ionicity_proxy,ridge,ridge;alpha=0.0001,0.000100000,,train,2674,16,1.189340376,0.845985400,0.288015860,0.843791526
gap_expt_ev,ionicity_proxy,ridge,ridge;alpha=0.0001,0.000100000,,val,944,16,1.116160098,0.755076726,0.326843942,0.791872917
gap_expt_ev,ionicity_proxy,ridge,ridge;alpha=0.0001,0.000100000,,test,986,16,1.422353376,0.976106792,0.209294349,1.009105341
gap_expt_ev,ionicity_proxy,ridge,ridge;alpha=0.01,0.010000000,,train,2674,16,1.189340376,0.845985468,0.288015860,0.843791526
gap_expt_ev,ionicity_proxy,ridge,ridge;alpha=0.01,0.010000000,,val,944,16,1.116160133,0.755077434,0.326843900,0.791872942
gap_expt_ev,ionicity_proxy,ridge,ridge;alpha=0.01,0.010000000,,test,986,16,1.422353150,0.976106445,0.209294600,1.009105181
gap_expt_ev,ionicity_proxy,ridge,ridge;alpha=1,1.000000000,,train,2674,16,1.189340629,0.845992343,0.288015557,0.843791706
gap_expt_ev,ionicity_proxy,ridge,ridge;alpha=1,1.000000000,,val,944,16,1.116163838,0.755147934,0.326839431,0.791875570
gap_expt_ev,ionicity_proxy,ridge,ridge;alpha=1,1.000000000,,test,986,16,1.422330836,0.976072047,0.209319410,1.009089350
gap_expt_ev,ionicity_proxy,ridge,ridge;alpha=10,10.000000000,,train,2674,16,1.189363449,0.846079320,0.287988235,0.843807896
gap_expt_ev,ionicity_proxy,ridge,ridge;alpha=10,10.000000000,,val,944,16,1.116215758,0.755763214,0.326776803,0.791912406
gap_expt_ev,ionicity_proxy,ridge,ridge;alpha=10,10.000000000,,test,986,16,1.422150277,0.975802819,0.209520144,1.008961251
gap_expt_ev,ionicity_proxy,ridge,ridge;alpha=100,100.000000000,,train,2674,16,1.190518090,0.848185685,0.286605114,0.844627069
gap_expt_ev,ionicity_proxy,ridge,ridge;alpha=100,100.000000000,,val,944,16,1.117480703,0.760870249,0.325250086,0.792809836
gap_expt_ev,ionicity_proxy,ridge,ridge;alpha=100,100.000000000,,test,986,16,1.421448342,0.975418043,0.210300271,1.008463254
gap_expt_ev,ionicity_proxy,lasso,lasso;alpha=1e-05,0.000010000,,train,2674,16,1.189340380,0.845985111,0.288015855,0.843791529
gap_expt_ev,ionicity_proxy,lasso,lasso;alpha=1e-05,0.000010000,,val,944,16,1.116158656,0.755083621,0.326845681,0.791871894
gap_expt_ev,ionicity_proxy,lasso,lasso;alpha=1e-05,0.000010000,,test,986,16,1.422350131,0.976102120,0.209297957,1.009103039
gap_expt_ev,ionicity_proxy,lasso,lasso;alpha=0.0001,0.000100000,,train,2674,16,1.189340800,0.845982911,0.288015353,0.843791827
gap_expt_ev,ionicity_proxy,lasso,lasso;alpha=0.0001,0.000100000,,val,944,16,1.116145415,0.755146472,0.326861653,0.791862500
gap_expt_ev,ionicity_proxy,lasso,lasso;alpha=0.0001,0.000100000,,test,986,16,1.422319107,0.976058642,0.209332450,1.009081029
gap_expt_ev,ionicity_proxy,lasso,lasso;alpha=0.001,0.001000000,,train,2674,16,1.189383089,0.845986246,0.287964720,0.843821829
gap_expt_ev,ionicity_proxy,lasso,lasso;alpha=0.001,0.001000000,,val,944,16,1.116054065,0.755777820,0.326971833,0.791797691
gap_expt_ev,ionicity_proxy,lasso,lasso;alpha=0.001,0.001000000,,test,986,16,1.422049298,0.975670453,0.209632396,1.008889610
gap_expt_ev,ionicity_proxy,lasso,lasso;alpha=0.01,0.010000000,,train,2674,16,1.192952224,0.850559577,0.283684916,0.846353994
gap_expt_ev,ionicity_proxy,lasso,lasso;alpha=0.01,0.010000000,,val,944,16,1.119570317,0.765695823,0.322724252,0.794292337
gap_expt_ev,ionicity_proxy,lasso,lasso;alpha=0.01,0.010000000,,test,986,16,1.424575152,0.977994575,0.206822189,1.010681607
gap_expt_ev,ionicity_proxy,lasso,lasso;alpha=0.1,0.100000000,,train,2674,16,1.216892928,0.866776821,0.254645756,0.863339009
gap_expt_ev,ionicity_proxy,lasso,lasso;alpha=0.1,0.100000000,,val,944,16,1.139103004,0.791606633,0.298885793,0.808150031
gap_expt_ev,ionicity_proxy,lasso,lasso;alpha=0.1,0.100000000,,test,986,16,1.435466403,0.992053770,0.194647722,1.018408533
gap_expt_ev,ionicity_proxy,lasso,lasso;alpha=1,1.000000000,,train,2674,16,1.409519222,1.111659645,0.000000000,1.000000000
gap_expt_ev,ionicity_proxy,lasso,lasso;alpha=1,1.000000000,,val,944,16,1.360703707,1.076982311,-0.000437377,0.965367258
gap_expt_ev,ionicity_proxy,lasso,lasso;alpha=1,1.000000000,,test,986,16,1.611991946,1.229949836,-0.015606710,1.143646656
gap_expt_ev,ionicity_proxy,elastic_net,elastic_net;alpha=0.0001;l1_ratio=0.2,0.000100000,0.200000000,train,2674,16,1.189340431,0.845986303,0.288015794,0.843791565
gap_expt_ev,ionicity_proxy,elastic_net,elastic_net;alpha=0.0001;l1_ratio=0.2,0.000100000,0.200000000,val,944,16,1.116157972,0.755105834,0.326846507,0.791871408
gap_expt_ev,ionicity_proxy,elastic_net,elastic_net;alpha=0.0001;l1_ratio=0.2,0.000100000,0.200000000,test,986,16,1.422341923,0.976089906,0.209307083,1.009097216
gap_expt_ev,ionicity_proxy,elastic_net,elastic_net;alpha=0.0001;l1_ratio=0.5,0.000100000,0.500000000,train,2674,16,1.189340528,0.845985001,0.288015678,0.843791634
gap_expt_ev,ionicity_proxy,elastic_net,elastic_net;alpha=0.0001;l1_ratio=0.5,0.000100000,0.500000000,val,944,16,1.116153223,0.755121048,0.326852234,0.791868040
gap_expt_ev,ionicity_proxy,elastic_net,elastic_net;alpha=0.0001;l1_ratio=0.5,0.000100000,0.500000000,test,986,16,1.422333384,0.976078334,0.209316577,1.009091158
gap_expt_ev,ionicity_proxy,elastic_net,elastic_net;alpha=0.0001;l1_ratio=0.8,0.000100000,0.800000000,train,2674,16,1.189340674,0.845983753,0.288015503,0.843791738
gap_expt_ev,ionicity_proxy,elastic_net,elastic_net;alpha=0.0001;l1_ratio=0.8,0.000100000,0.800000000,val,944,16,1.116148471,0.755136348,0.326857966,0.791864668
gap_expt_ev,ionicity_proxy,elastic_net,elastic_net;alpha=0.0001;l1_ratio=0.8,0.000100000,0.800000000,test,986,16,1.422324666,0.976066499,0.209326270,1.009084972
gap_expt_ev,ionicity_proxy,elastic_net,elastic_net;alpha=0.001;l1_ratio=0.2,0.001000000,0.200000000,train,2674,16,1.189345818,0.846001147,0.288009344,0.843795387
gap_expt_ev,ionicity_proxy,elastic_net,elastic_net;alpha=0.001;l1_ratio=0.2,0.001000000,0.200000000,val,944,16,1.116142831,0.755366118,0.326864769,0.791860667
gap_expt_ev,ionicity_proxy,elastic_net,elastic_net;alpha=0.001;l1_ratio=0.2,0.001000000,0.200000000,test,986,16,1.422240852,0.975937392,0.209419452,1.009025510
gap_expt_ev,ionicity_proxy,elastic_net,elastic_net;alpha=0.001;l1_ratio=0.5,0.001000000,0.500000000,train,2674,16,1.189355507,0.845992640,0.287997744,0.843802261
gap_expt_ev,ionicity_proxy,elastic_net,elastic_net;alpha=0.001;l1_ratio=0.5,0.001000000,0.500000000,val,944,16,1.116104990,0.755517619,0.326910412,0.791833820
gap_expt_ev,ionicity_proxy,elastic_net,elastic_net;alpha=0.001;l1_ratio=0.5,0.001000000,0.500000000,test,986,16,1.422164701,0.975826260,0.209504110,1.008971483
gap_expt_ev,ionicity_proxy,elastic_net,elastic_net;alpha=0.001;l1_ratio=0.8,0.001000000,0.800000000,train,2674,16,1.189370313,0.845984892,0.287980017,0.843812765
gap_expt_ev,ionicity_proxy,elastic_net,elastic_net;alpha=0.001;l1_ratio=0.8,0.001000000,0.800000000,val,944,16,1.116072654,0.755671415,0.326949413,0.791810879
gap_expt_ev,ionicity_proxy,elastic_net,elastic_net;alpha=0.001;l1_ratio=0.8,0.001000000,0.800000000,test,986,16,1.422093950,0.975730204,0.209582760,1.008921289
gap_expt_ev,ionicity_proxy,elastic_net,elastic_net;alpha=0.01;l1_ratio=0.2,0.010000000,0.200000000,train,2674,16,1.189796551,0.846652946,0.287469588,0.844115165
gap_expt_ev,ionicity_proxy,elastic_net,elastic_net;alpha=0.01;l1_ratio=0.2,0.010000000,0.200000000,val,944,16,1.116381278,0.757982423,0.326577129,0.792029836
gap_expt_ev,ionicity_proxy,elastic_net,elastic_net;alpha=0.01;l1_ratio=0.2,0.010000000,0.200000000,test,986,16,1.421638766,0.975107004,0.210088673,1.008598353
gap_expt_ev,ionicity_proxy,elastic_net,elastic_net;alpha=0.01;l1_ratio=0.5,0.010000000,0.500000000,train,2674,16,1.190695320,0.847383807,0.286392694,0.844752808
gap_expt_ev,ionicity_proxy,elastic_net,elastic_net;alpha=0.01;l1_ratio=0.5,0.010000000,0.500000000,val,944,16,1.116827899,0.760044442,0.326038200,0.792346696
gap_expt_ev,ionicity_proxy,elastic_net,elastic_net;alpha=0.01;l1_ratio=0.5,0.010000000,0.500000000,test,986,16,1.421658523,0.975030537,0.210066717,1.008612370
gap_expt_ev,ionicity_proxy,elastic_net,elastic_net;alpha=0.01;l1_ratio=0.8,0.010000000,0.800000000,train,2674,16,1.191898460,0.849021105,0.284949835,0.845606389
gap_expt_ev,ionicity_proxy,elastic_net,elastic_net;alpha=0.01;l1_ratio=0.8,0.010000000,0.800000000,val,944,16,1.118247493,0.763030835,0.324323773,0.793353843
gap_expt_ev,ionicity_proxy,elastic_net,elastic_net;alpha=0.01;l1_ratio=0.8,0.010000000,0.800000000,test,986,16,1.423138131,0.976563238,0.208421597,1.009662095
gap_expt_ev,ionicity_proxy,elastic_net,elastic_net;alpha=0.1;l1_ratio=0.2,0.100000000,0.200000000,train,2674,16,1.199637155,0.856674097,0.275634412,0.851096697
gap_expt_ev,ionicity_proxy,elastic_net,elastic_net;alpha=0.1;l1_ratio=0.2,0.100000000,0.200000000,val,944,16,1.123696252,0.774451129,0.317723147,0.797219530
gap_expt_ev,ionicity_proxy,elastic_net,elastic_net;alpha=0.1;l1_ratio=0.2,0.100000000,0.200000000,test,986,16,1.425131076,0.982805270,0.206203011,1.011076013
gap_expt_ev,ionicity_proxy,elastic_net,elastic_net;alpha=0.1;l1_ratio=0.5,0.100000000,0.500000000,train,2674,16,1.208775226,0.862143395,0.264556870,0.857579809
gap_expt_ev,ionicity_proxy,elastic_net,elastic_net;alpha=0.1;l1_ratio=0.5,0.100000000,0.500000000,val,944,16,1.128880619,0.782951569,0.311413019,0.800897640
gap_expt_ev,ionicity_proxy,elastic_net,elastic_net;alpha=0.1;l1_ratio=0.5,0.100000000,0.500000000,test,986,16,1.427427075,0.987783298,0.203643212,1.012704936
gap_expt_ev,ionicity_proxy,elastic_net,elastic_net;alpha=0.1;l1_ratio=0.8,0.100000000,0.800000000,train,2674,16,1.213293226,0.864273564,0.259048913,0.860785157
gap_expt_ev,ionicity_proxy,elastic_net,elastic_net;alpha=0.1;l1_ratio=0.8,0.100000000,0.800000000,val,944,16,1.134506174,0.787010033,0.304533043,0.804888757
gap_expt_ev,ionicity_proxy,elastic_net,elastic_net;alpha=0.1;l1_ratio=0.8,0.100000000,0.800000000,test,986,16,1.431715885,0.989234616,0.198850597,1.015747683
gap_expt_ev,ionicity_proxy,elastic_net,elastic_net;alpha=1;l1_ratio=0.2,1.000000000,0.200000000,train,2674,16,1.265451510,0.939105578,0.193974074,0.897789466
gap_expt_ev,ionicity_proxy,elastic_net,elastic_net;alpha=1;l1_ratio=0.2,1.000000000,0.200000000,val,944,16,1.194706064,0.877581121,0.228768234,0.847598277
gap_expt_ev,ionicity_proxy,elastic_net,elastic_net;alpha=1;l1_ratio=0.2,1.000000000,0.200000000,test,986,16,1.472920610,1.063869664,0.152072922,1.044980860
gap_expt_ev,ionicity_proxy,elastic_net,elastic_net;alpha=1;l1_ratio=0.5,1.000000000,0.500000000,train,2674,16,1.363962516,1.063871200,0.063596853,0.967679258
gap_expt_ev,ionicity_proxy,elastic_net,elastic_net;alpha=1;l1_ratio=0.5,1.000000000,0.500000000,val,944,16,1.309383003,1.022462890,0.073605067,0.928957181
gap_expt_ev,ionicity_proxy,elastic_net,elastic_net;alpha=1;l1_ratio=0.5,1.000000000,0.500000000,test,986,16,1.571283960,1.186789847,0.035040289,1.114765897
gap_expt_ev,ionicity_proxy,elastic_net,elastic_net;alpha=1;l1_ratio=0.8,1.000000000,0.800000000,train,2674,16,1.409519222,1.111659645,0.000000000,1.000000000
gap_expt_ev,ionicity_proxy,elastic_net,elastic_net;alpha=1;l1_ratio=0.8,1.000000000,0.800000000,val,944,16,1.360703707,1.076982311,-0.000437377,0.965367258
gap_expt_ev,ionicity_proxy,elastic_net,elastic_net;alpha=1;l1_ratio=0.8,1.000000000,0.800000000,test,986,16,1.611991946,1.229949836,-0.015606710,1.143646656
gap_expt_ev,ionicity_proxy,huber,huber;alpha=1e-05,0.000010000,,train,2674,16,1.289611548,0.782905976,0.162902932,0.914930089
gap_expt_ev,ionicity_proxy,huber,huber;alpha=1e-05,0.000010000,,val,944,16,1.235548149,0.712408544,0.175136433,0.876574174
gap_expt_ev,ionicity_proxy,huber,huber;alpha=1e-05,0.000010000,,test,986,16,1.565339184,0.926871356,0.042328110,1.110548305
gap_expt_ev,ionicity_proxy,huber,huber;alpha=0.001,0.001000000,,train,2674,16,1.289611520,0.782905975,0.162902968,0.914930070
gap_expt_ev,ionicity_proxy,huber,huber;alpha=0.001,0.001000000,,val,944,16,1.235548141,0.712408507,0.175136444,0.876574169
gap_expt_ev,ionicity_proxy,huber,huber;alpha=0.001,0.001000000,,test,986,16,1.565339174,0.926871255,0.042328123,1.110548298
gap_expt_ev,ionicity_proxy,huber,huber;alpha=0.1,0.100000000,,train,2674,16,1.289609067,0.782905631,0.162906153,0.914928329
gap_expt_ev,ionicity_proxy,huber,huber;alpha=0.1,0.100000000,,val,944,16,1.235548062,0.712405012,0.175136549,0.876574113
gap_expt_ev,ionicity_proxy,huber,huber;alpha=0.1,0.100000000,,test,986,16,1.565338608,0.926861015,0.042328815,1.110547897
gap_expt_ev,covalency_proxy,ordinary_least_squares,ordinary_least_squares,,,train,2674,16,1.188269681,0.828980786,0.289297200,0.843031909
gap_expt_ev,covalency_proxy,ordinary_least_squares,ordinary_least_squares,,,val,944,16,1.107629974,0.751713958,0.337093660,0.785821120
gap_expt_ev,covalency_proxy,ordinary_least_squares,ordinary_least_squares,,,test,986,16,1.415173920,0.960246733,0.217256519,1.004011792
gap_expt_ev,covalency_proxy,ridge,ridge;alpha=1e-06,0.000001000,,train,2674,16,1.188269681,0.828980786,0.289297200,0.843031909
gap_expt_ev,covalency_proxy,ridge,ridge;alpha=1e-06,0.000001000,,val,944,16,1.107629972,0.751713957,0.337093662,0.785821119
gap_expt_ev,covalency_proxy,ridge,ridge;alpha=1e-06,0.000001000,,test,986,16,1.415173920,0.960246733,0.217256519,1.004011792
gap_expt_ev,covalency_proxy,ridge,ridge;alpha=0.0001,0.000100000,,train,2674,16,1.188269681,0.828980767,0.289297200,0.843031909
gap_expt_ev,covalency_proxy,ridge,ridge;alpha=0.0001,0.000100000,,val,944,16,1.107629809,0.751713836,0.337093858,0.785821003
gap_expt_ev,covalency_proxy,ridge,ridge;alpha=0.0001,0.000100000,,test,986,16,1.415173882,0.960246705,0.217256561,1.004011765
gap_expt_ev,covalency_proxy,ridge,ridge;alpha=0.01,0.010000000,,train,2674,16,1.188269683,0.828978846,0.289297198,0.843031911
gap_expt_ev,covalency_proxy,ridge,ridge;alpha=0.01,0.010000000,,val,944,16,1.107613461,0.751701771,0.337113426,0.785809405
gap_expt_ev,covalency_proxy,ridge,ridge;alpha=0.01,0.010000000,,test,986,16,1.415170118,0.960243977,0.217260724,1.004009094
gap_expt_ev,covalency_proxy,ridge,ridge;alpha=1,1.000000000,,train,2674,16,1.188287699,0.828795055,0.289275647,0.843044692
gap_expt_ev,covalency_proxy,ridge,ridge;alpha=1,1.000000000,,val,944,16,1.106095635,0.750560999,0.338928963,0.784732565
gap_expt_ev,covalency_proxy,ridge,ridge;alpha=1,1.000000000,,test,986,16,1.414816300,0.960000262,0.217652073,1.003758074
gap_expt_ev,covalency_proxy,ridge,ridge;alpha=10,10.000000000,,train,2674,16,1.189144817,0.827734375,0.288249978,0.843652785
gap_expt_ev,covalency_proxy,ridge,ridge;alpha=10,10.000000000,,val,944,16,1.098547917,0.744273151,0.347920145,0.779377748
gap_expt_ev,covalency_proxy,ridge,ridge;alpha=10,10.000000000,,test,986,16,1.412852500,0.958481303,0.219822403,1.002364833
gap_expt_ev,covalency_proxy,ridge,ridge;alpha=100,100.000000000,,train,2674,16,1.194967353,0.825675598,0.281262880,0.847783652
gap_expt_ev,covalency_proxy,ridge,ridge;alpha=100,100.000000000,,val,944,16,1.094166753,0.738906177,0.353110947,0.776269480
gap_expt_ev,covalency_proxy,ridge,ridge;alpha=100,100.000000000,,test,986,16,1.410670865,0.955169167,0.222229942,1.000817046
gap_expt_ev,covalency_proxy,lasso,lasso;alpha=1e-05,0.000010000,,train,2674,16,1.188269714,0.828974719,0.289297161,0.843031932
gap_expt_ev,covalency_proxy,lasso,lasso;alpha=1e-05,0.000010000,,val,944,16,1.107569062,0.751672586,0.337166568,0.785777905
gap_expt_ev,covalency_proxy,lasso,lasso;alpha=1e-05,0.000010000,,test,986,16,1.415154210,0.960234240,0.217278322,1.003997808
gap_expt_ev,covalency_proxy,lasso,lasso;alpha=0.0001,0.000100000,,train,2674,16,1.188272912,0.828920115,0.289293335,0.843034201
gap_expt_ev,covalency_proxy,lasso,lasso;alpha=0.0001,0.000100000,,val,944,16,1.107026002,0.751301109,0.337816406,0.785392625
gap_expt_ev,covalency_proxy,lasso,lasso;alpha=0.0001,0.000100000,,test,986,16,1.414978044,0.960125870,0.217473185,1.003872825
gap_expt_ev,covalency_proxy,lasso,lasso;alpha=0.001,0.001000000,,train,2674,16,1.188592256,0.828532864,0.288911285,0.843260764
gap_expt_ev,covalency_proxy,lasso,lasso;alpha=0.001,0.001000000,,val,944,16,1.102111431,0.747660157,0.343682799,0.781905925
gap_expt_ev,covalency_proxy,lasso,lasso;alpha=0.001,0.001000000,,test,986,16,1.413338880,0.959168468,0.219285152,1.002709901
gap_expt_ev,covalency_proxy,lasso,lasso;alpha=0.01,0.010000000,,train,2674,16,1.195383421,0.824943287,0.280762288,0.848078836
gap_expt_ev,covalency_proxy,lasso,lasso;alpha=0.01,0.010000000,,val,944,16,1.093965159,0.734985262,0.353349296,0.776126456
gap_expt_ev,covalency_proxy,lasso,lasso;alpha=0.01,0.010000000,,test,986,16,1.415641734,0.954200327,0.216738930,1.004343688
gap_expt_ev,covalency_proxy,lasso,lasso;alpha=0.1,0.100000000,,train,2674,16,1.224848498,0.852344124,0.244868231,0.868983181
gap_expt_ev,covalency_proxy,lasso,lasso;alpha=0.1,0.100000000,,val,944,16,1.134880247,0.773050978,0.304074344,0.805154147
gap_expt_ev,covalency_proxy,lasso,lasso;alpha=0.1,0.100000000,,test,986,16,1.448504947,0.987261990,0.179951021,1.027658881
gap_expt_ev,covalency_proxy,lasso,lasso;alpha=1,1.000000000,,train,2674,16,1.409519222,1.111659645,0.000000000,1.000000000
gap_expt_ev,covalency_proxy,lasso,lasso;alpha=1,1.000000000,,val,944,16,1.360703707,1.076982311,-0.000437377,0.965367258
gap_expt_ev,covalency_proxy,lasso,lasso;alpha=1,1.000000000,,test,986,16,1.611991946,1.229949836,-0.015606710,1.143646656
gap_expt_ev,covalency_proxy,elastic_net,elastic_net;alpha=0.0001;l1_ratio=0.2,0.000100000,0.200000000,train,2674,16,1.188271336,0.828927600,0.289295220,0.843033084
gap_expt_ev,covalency_proxy,elastic_net,elastic_net;alpha=0.0001;l1_ratio=0.2,0.000100000,0.200000000,val,944,16,1.107163008,0.751375026,0.337652492,0.785489826
gap_expt_ev,covalency_proxy,elastic_net,elastic_net;alpha=0.0001;l1_ratio=0.2,0.000100000,0.200000000,test,986,16,1.415054762,0.960164087,0.217388328,1.003927253
gap_expt_ev,covalency_proxy,elastic_net,elastic_net;alpha=0.0001;l1_ratio=0.5,0.000100000,0.500000000,train,2674,16,1.188271833,0.828924814,0.289294626,0.843033436
gap_expt_ev,covalency_proxy,elastic_net,elastic_net;alpha=0.0001;l1_ratio=0.5,0.000100000,0.500000000,val,944,16,1.107111864,0.751347549,0.337713683,0.785453541
gap_expt_ev,covalency_proxy,elastic_net,elastic_net;alpha=0.0001;l1_ratio=0.5,0.000100000,0.500000000,test,986,16,1.415026025,0.960148930,0.217420114,1.003906866
gap_expt_ev,covalency_proxy,elastic_net,elastic_net;alpha=0.0001;l1_ratio=0.8,0.000100000,0.800000000,train,2674,16,1.188272442,0.828922010,0.289293897,0.843033868
gap_expt_ev,covalency_proxy,elastic_net,elastic_net;alpha=0.0001;l1_ratio=0.8,0.000100000,0.800000000,val,944,16,1.107060485,0.751319816,0.337775153,0.785417089
gap_expt_ev,covalency_proxy,elastic_net,elastic_net;alpha=0.0001;l1_ratio=0.8,0.000100000,0.800000000,test,986,16,1.414997260,0.960134688,0.217451931,1.003886458
gap_expt_ev,covalency_proxy,elastic_net,elastic_net;alpha=0.001;l1_ratio=0.2,0.001000000,0.200000000,train,2674,16,1.188407608,0.828521615,0.289132202,0.843129763
gap_expt_ev,covalency_proxy,elastic_net,elastic_net;alpha=0.001;l1_ratio=0.2,0.001000000,0.200000000,val,944,16,1.103624170,0.748650041,0.341879863,0.782979155
gap_expt_ev,covalency_proxy,elastic_net,elastic_net;alpha=0.001;l1_ratio=0.2,0.001000000,0.200000000,test,986,16,1.414114998,0.959552958,0.218427476,1.003260527
gap_expt_ev,covalency_proxy,elastic_net,elastic_net;alpha=0.001;l1_ratio=0.5,0.001000000,0.500000000,train,2674,16,1.188462128,0.828517405,0.289066977,0.843168443
gap_expt_ev,covalency_proxy,elastic_net,elastic_net;alpha=0.001;l1_ratio=0.5,0.001000000,0.500000000,val,944,16,1.103079032,0.748299571,0.342529862,0.782592401
gap_expt_ev,covalency_proxy,elastic_net,elastic_net;alpha=0.001;l1_ratio=0.5,0.001000000,0.500000000,test,986,16,1.413827231,0.959409233,0.218745537,1.003056368
gap_expt_ev,covalency_proxy,elastic_net,elastic_net;alpha=0.001;l1_ratio=0.8,0.001000000,0.800000000,train,2674,16,1.188533790,0.828523346,0.288981239,0.843219284
gap_expt_ev,covalency_proxy,elastic_net,elastic_net;alpha=0.001;l1_ratio=0.8,0.001000000,0.800000000,val,944,16,1.102507925,0.747924352,0.343210483,0.782187222
gap_expt_ev,covalency_proxy,elastic_net,elastic_net;alpha=0.001;l1_ratio=0.8,0.001000000,0.800000000,test,986,16,1.413535663,0.959265034,0.219067734,1.002849511
gap_expt_ev,covalency_proxy,elastic_net,elastic_net;alpha=0.01;l1_ratio=0.2,0.010000000,0.200000000,train,2674,16,1.191983118,0.826600995,0.284848254,0.845666451
gap_expt_ev,covalency_proxy,elastic_net,elastic_net;alpha=0.01;l1_ratio=0.2,0.010000000,0.200000000,val,944,16,1.093349654,0.738767113,0.354076751,0.775689779
gap_expt_ev,covalency_proxy,elastic_net,elastic_net;alpha=0.01;l1_ratio=0.2,0.010000000,0.200000000,test,986,16,1.411613972,0.956225822,0.221189634,1.001486145
gap_expt_ev,covalency_proxy,elastic_net,elastic_net;alpha=0.01;l1_ratio=0.5,0.010000000,0.500000000,train,2674,16,1.192655720,0.825351798,0.284040947,0.846143636
gap_expt_ev,covalency_proxy,elastic_net,elastic_net;alpha=0.01;l1_ratio=0.5,0.010000000,0.500000000,val,944,16,1.093835747,0.737223934,0.353502280,0.776034643
gap_expt_ev,covalency_proxy,elastic_net,elastic_net;alpha=0.01;l1_ratio=0.5,0.010000000,0.500000000,test,986,16,1.413811241,0.955529209,0.218763210,1.003045023
gap_expt_ev,covalency_proxy,elastic_net,elastic_net;alpha=0.01;l1_ratio=0.8,0.010000000,0.800000000,train,2674,16,1.193960978,0.824900524,0.282472980,0.847069667
gap_expt_ev,covalency_proxy,elastic_net,elastic_net;alpha=0.01;l1_ratio=0.8,0.010000000,0.800000000,val,944,16,1.093991365,0.735745547,0.353318315,0.776145048
gap_expt_ev,covalency_proxy,elastic_net,elastic_net;alpha=0.01;l1_ratio=0.8,0.010000000,0.800000000,test,986,16,1.415101499,0.954742584,0.217336630,1.003960412
gap_expt_ev,covalency_proxy,elastic_net,elastic_net;alpha=0.1;l1_ratio=0.2,0.100000000,0.200000000,train,2674,16,1.207573855,0.832510157,0.266018021,0.856727483
gap_expt_ev,covalency_proxy,elastic_net,elastic_net;alpha=0.1;l1_ratio=0.2,0.100000000,0.200000000,val,944,16,1.108472097,0.748084624,0.336085271,0.786418574
gap_expt_ev,covalency_proxy,elastic_net,elastic_net;alpha=0.1;l1_ratio=0.2,0.100000000,0.200000000,test,986,16,1.424161879,0.961555915,0.207282328,1.010388405
gap_expt_ev,covalency_proxy,elastic_net,elastic_net;alpha=0.1;l1_ratio=0.5,0.100000000,0.500000000,train,2674,16,1.219041121,0.840850825,0.252011871,0.864863070
gap_expt_ev,covalency_proxy,elastic_net,elastic_net;alpha=0.1;l1_ratio=0.5,0.100000000,0.500000000,val,944,16,1.123464936,0.757945472,0.318004015,0.797055420
gap_expt_ev,covalency_proxy,elastic_net,elastic_net;alpha=0.1;l1_ratio=0.5,0.100000000,0.500000000,test,986,16,1.438370958,0.974239105,0.191385290,1.020469203
gap_expt_ev,covalency_proxy,elastic_net,elastic_net;alpha=0.1;l1_ratio=0.8,0.100000000,0.800000000,train,2674,16,1.222104317,0.845709298,0.248248072,0.867036290
gap_expt_ev,covalency_proxy,elastic_net,elastic_net;alpha=0.1;l1_ratio=0.8,0.100000000,0.800000000,val,944,16,1.129797450,0.764774929,0.310294080,0.801548097
gap_expt_ev,covalency_proxy,elastic_net,elastic_net;alpha=0.1;l1_ratio=0.8,0.100000000,0.800000000,test,986,16,1.443506284,0.979397099,0.185601089,1.024112521
gap_expt_ev,covalency_proxy,elastic_net,elastic_net;alpha=1;l1_ratio=0.2,1.000000000,0.200000000,train,2674,16,1.265405777,0.939787243,0.194032333,0.897757020
gap_expt_ev,covalency_proxy,elastic_net,elastic_net;alpha=1;l1_ratio=0.2,1.000000000,0.200000000,val,944,16,1.194556321,0.884333165,0.228961552,0.847492040
gap_expt_ev,covalency_proxy,elastic_net,elastic_net;alpha=1;l1_ratio=0.2,1.000000000,0.200000000,test,986,16,1.478893632,1.069499288,0.145181909,1.049218492
gap_expt_ev,covalency_proxy,elastic_net,elastic_net;alpha=1;l1_ratio=0.5,1.000000000,0.500000000,train,2674,16,1.357648489,1.057670737,0.072246342,0.963199698
gap_expt_ev,covalency_proxy,elastic_net,elastic_net;alpha=1;l1_ratio=0.5,1.000000000,0.500000000,val,944,16,1.303334305,1.015053518,0.082144265,0.924665861
gap_expt_ev,covalency_proxy,elastic_net,elastic_net;alpha=1;l1_ratio=0.5,1.000000000,0.500000000,test,986,16,1.568868206,1.184010858,0.038005143,1.113052011
gap_expt_ev,covalency_proxy,elastic_net,elastic_net;alpha=1;l1_ratio=0.8,1.000000000,0.800000000,train,2674,16,1.409519222,1.111659645,0.000000000,1.000000000
gap_expt_ev,covalency_proxy,elastic_net,elastic_net;alpha=1;l1_ratio=0.8,1.000000000,0.800000000,val,944,16,1.360703707,1.076982311,-0.000437377,0.965367258
gap_expt_ev,covalency_proxy,elastic_net,elastic_net;alpha=1;l1_ratio=0.8,1.000000000,0.800000000,test,986,16,1.611991946,1.229949836,-0.015606710,1.143646656
gap_expt_ev,covalency_proxy,huber,huber;alpha=1e-05,0.000010000,,train,2674,16,1.273401225,0.773713035,0.183815166,0.903429485
gap_expt_ev,covalency_proxy,huber,huber;alpha=1e-05,0.000010000,,val,944,16,1.183097312,0.705777787,0.243683268,0.839362311
gap_expt_ev,covalency_proxy,huber,huber;alpha=1e-05,0.000010000,,test,986,16,1.510213996,0.927477976,0.108591423,1.071439092
gap_expt_ev,covalency_proxy,huber,huber;alpha=0.001,0.001000000,,train,2674,16,1.273401585,0.773713069,0.183814704,0.903429740
gap_expt_ev,covalency_proxy,huber,huber;alpha=0.001,0.001000000,,val,944,16,1.183097713,0.705777838,0.243682755,0.839362596
gap_expt_ev,covalency_proxy,huber,huber;alpha=0.001,0.001000000,,test,986,16,1.510214832,0.927478026,0.108590437,1.071439685
gap_expt_ev,covalency_proxy,huber,huber;alpha=0.1,0.100000000,,train,2674,16,1.273389884,0.773712368,0.183829704,0.903421439
gap_expt_ev,covalency_proxy,huber,huber;alpha=0.1,0.100000000,,val,944,16,1.183090188,0.705776605,0.243692377,0.839357257
gap_expt_ev,covalency_proxy,huber,huber;alpha=0.1,0.100000000,,test,986,16,1.510217087,0.927481408,0.108587775,1.071441285
gap_expt_ev,heavy_element_proxy,ordinary_least_squares,ordinary_least_squares,,,train,2674,14,1.213725570,0.889273070,0.258520759,0.861091889
gap_expt_ev,heavy_element_proxy,ordinary_least_squares,ordinary_least_squares,,,val,944,14,1.132713959,0.813653120,0.306728609,0.803617249
gap_expt_ev,heavy_element_proxy,ordinary_least_squares,ordinary_least_squares,,,test,986,14,1.369776228,0.976599784,0.266670634,0.971803865
gap_expt_ev,heavy_element_proxy,ridge,ridge;alpha=1e-06,0.000001000,,train,2674,14,1.213725570,0.889273070,0.258520759,0.861091889
gap_expt_ev,heavy_element_proxy,ridge,ridge;alpha=1e-06,0.000001000,,val,944,14,1.132713959,0.813653120,0.306728609,0.803617249
gap_expt_ev,heavy_element_proxy,ridge,ridge;alpha=1e-06,0.000001000,,test,986,14,1.369776228,0.976599784,0.266670634,0.971803865
gap_expt_ev,heavy_element_proxy,ridge,ridge;alpha=0.0001,0.000100000,,train,2674,14,1.213725570,0.889273071,0.258520759,0.861091889
gap_expt_ev,heavy_element_proxy,ridge,ridge;alpha=0.0001,0.000100000,,val,944,14,1.132713968,0.813653123,0.306728599,0.803617255
gap_expt_ev,heavy_element_proxy,ridge,ridge;alpha=0.0001,0.000100000,,test,986,14,1.369776215,0.976599776,0.266670648,0.971803855
gap_expt_ev,heavy_element_proxy,ridge,ridge;alpha=0.01,0.010000000,,train,2674,14,1.213725570,0.889273151,0.258520758,0.861091889
gap_expt_ev,heavy_element_proxy,ridge,ridge;alpha=0.01,0.010000000,,val,944,14,1.132714800,0.813653406,0.306727580,0.803617845
gap_expt_ev,heavy_element_proxy,ridge,ridge;alpha=0.01,0.010000000,,test,986,14,1.369774906,0.976598949,0.266672050,0.971802927
gap_expt_ev,heavy_element_proxy,ridge,ridge;alpha=1,1.000000000,,train,2674,14,1.213726410,0.889281613,0.258519732,0.861092485
gap_expt_ev,heavy_element_proxy,ridge,ridge;alpha=1,1.000000000,,val,944,14,1.132797506,0.813680529,0.306626337,0.803676522
gap_expt_ev,heavy_element_proxy,ridge,ridge;alpha=1,1.000000000,,test,986,14,1.369648312,0.976521925,0.266807591,0.971713113
gap_expt_ev,heavy_element_proxy,ridge,ridge;alpha=10,10.000000000,,train,2674,14,1.213787818,0.889380531,0.258444701,0.861136052
gap_expt_ev,heavy_element_proxy,ridge,ridge;alpha=10,10.000000000,,val,944,14,1.133499013,0.813929870,0.305767301,0.804174214
gap_expt_ev,heavy_element_proxy,ridge,ridge;alpha=10,10.000000000,,test,986,14,1.368813092,0.976081417,0.267701529,0.971120557
gap_expt_ev,heavy_element_proxy,ridge,ridge;alpha=100,100.000000000,,train,2674,14,1.215131706,0.890238115,0.256801714,0.862089489
gap_expt_ev,heavy_element_proxy,ridge,ridge;alpha=100,100.000000000,,val,944,14,1.137623019,0.816503365,0.300706462,0.807100039
gap_expt_ev,heavy_element_proxy,ridge,ridge;alpha=100,100.000000000,,test,986,14,1.369393969,0.976768873,0.267079873,0.971532667
gap_expt_ev,heavy_element_proxy,lasso,lasso;alpha=1e-05,0.000010000,,train,2674,14,1.213725576,0.889276776,0.258520752,0.861091893
gap_expt_ev,heavy_element_proxy,lasso,lasso;alpha=1e-05,0.000010000,,val,944,14,1.132719808,0.813656079,0.306721450,0.803621398
gap_expt_ev,heavy_element_proxy,lasso,lasso;alpha=1e-05,0.000010000,,test,986,14,1.369771874,0.976599543,0.266675296,0.971800776
gap_expt_ev,heavy_element_proxy,lasso,lasso;alpha=0.0001,0.000100000,,train,2674,14,1.213726131,0.889310113,0.258520073,0.861092287
gap_expt_ev,heavy_element_proxy,lasso,lasso;alpha=0.0001,0.000100000,,val,944,14,1.132773054,0.813682703,0.306656270,0.803659174
gap_expt_ev,heavy_element_proxy,lasso,lasso;alpha=0.0001,0.000100000,,test,986,14,1.369733252,0.976598569,0.266716649,0.971773375
gap_expt_ev,heavy_element_proxy,lasso,lasso;alpha=0.001,0.001000000,,train,2674,14,1.213781637,0.889672808,0.258452253,0.861131666
gap_expt_ev,heavy_element_proxy,lasso,lasso;alpha=0.001,0.001000000,,val,944,14,1.133365503,0.813999172,0.305930833,0.804079494
gap_expt_ev,heavy_element_proxy,lasso,lasso;alpha=0.001,0.001000000,,test,986,14,1.369399750,0.976706013,0.267073684,0.971536768
gap_expt_ev,heavy_element_proxy,lasso,lasso;alpha=0.01,0.010000000,,train,2674,14,1.215901166,0.892568917,0.255860182,0.862635391
gap_expt_ev,heavy_element_proxy,lasso,lasso;alpha=0.01,0.010000000,,val,944,14,1.138911412,0.819178431,0.299121622,0.808014104
gap_expt_ev,heavy_element_proxy,lasso,lasso;alpha=0.01,0.010000000,,test,986,14,1.371793159,0.981350528,0.264509458,0.973234800
gap_expt_ev,heavy_element_proxy,lasso,lasso;alpha=0.1,0.100000000,,train,2674,14,1.251709029,0.931567492,0.211385489,0.888039701
gap_expt_ev,heavy_element_proxy,lasso,lasso;alpha=0.1,0.100000000,,val,944,14,1.180962237,0.860913404,0.246410577,0.837847557
gap_expt_ev,heavy_element_proxy,lasso,lasso;alpha=0.1,0.100000000,,test,986,14,1.433098811,1.040481922,0.197302153,1.016728817
gap_expt_ev,heavy_element_proxy,lasso,lasso;alpha=1,1.000000000,,train,2674,14,1.409519222,1.111659645,0.000000000,1.000000000
gap_expt_ev,heavy_element_proxy,lasso,lasso;alpha=1,1.000000000,,val,944,14,1.360703707,1.076982311,-0.000437377,0.965367258
gap_expt_ev,heavy_element_proxy,lasso,lasso;alpha=1,1.000000000,,test,986,14,1.611991946,1.229949836,-0.015606710,1.143646656
gap_expt_ev,heavy_element_proxy,elastic_net,elastic_net;alpha=0.0001;l1_ratio=0.2,0.000100000,0.200000000,train,2674,14,1.213725686,0.889282175,0.258520617,0.861091972
gap_expt_ev,heavy_element_proxy,elastic_net,elastic_net;alpha=0.0001;l1_ratio=0.2,0.000100000,0.200000000,val,944,14,1.132743650,0.813665055,0.306692265,0.803638313
gap_expt_ev,heavy_element_proxy,elastic_net,elastic_net;alpha=0.0001;l1_ratio=0.2,0.000100000,0.200000000,test,986,14,1.369739597,0.976582579,0.266709855,0.971777877
gap_expt_ev,heavy_element_proxy,elastic_net,elastic_net;alpha=0.0001;l1_ratio=0.5,0.000100000,0.500000000,train,2674,14,1.213725810,0.889292644,0.258520465,0.861092060
gap_expt_ev,heavy_element_proxy,elastic_net,elastic_net;alpha=0.0001;l1_ratio=0.5,0.000100000,0.500000000,val,944,14,1.132754597,0.813671651,0.306678864,0.803646080
gap_expt_ev,heavy_element_proxy,elastic_net,elastic_net;alpha=0.0001;l1_ratio=0.5,0.000100000,0.500000000,test,986,14,1.369737232,0.976588599,0.266712388,0.971776199
gap_expt_ev,heavy_element_proxy,elastic_net,elastic_net;alpha=0.0001;l1_ratio=0.8,0.000100000,0.800000000,train,2674,14,1.213725986,0.889303123,0.258520251,0.861092184
gap_expt_ev,heavy_element_proxy,elastic_net,elastic_net;alpha=0.0001;l1_ratio=0.8,0.000100000,0.800000000,val,944,14,1.132765640,0.813678273,0.306665346,0.803653914
gap_expt_ev,heavy_element_proxy,elastic_net,elastic_net;alpha=0.0001;l1_ratio=0.8,0.000100000,0.800000000,test,986,14,1.369734845,0.976594588,0.266714943,0.971774505
gap_expt_ev,heavy_element_proxy,elastic_net,elastic_net;alpha=0.001;l1_ratio=0.2,0.001000000,0.200000000,train,2674,14,1.213736458,0.889372142,0.258507455,0.861099614
gap_expt_ev,heavy_element_proxy,elastic_net,elastic_net;alpha=0.001;l1_ratio=0.2,0.001000000,0.200000000,val,944,14,1.133012293,0.813771466,0.306363375,0.803828905
gap_expt_ev,heavy_element_proxy,elastic_net,elastic_net;alpha=0.001;l1_ratio=0.2,0.001000000,0.200000000,test,986,14,1.369442932,0.976467592,0.267027461,0.971567404
gap_expt_ev,heavy_element_proxy,elastic_net,elastic_net;alpha=0.001;l1_ratio=0.5,0.001000000,0.500000000,train,2674,14,1.213748721,0.889482860,0.258492472,0.861108314
gap_expt_ev,heavy_element_proxy,elastic_net,elastic_net;alpha=0.001;l1_ratio=0.5,0.001000000,0.500000000,val,944,14,1.133136319,0.813851359,0.306211507,0.803916897
gap_expt_ev,heavy_element_proxy,elastic_net,elastic_net;alpha=0.001;l1_ratio=0.5,0.001000000,0.500000000,test,986,14,1.369427633,0.976548456,0.267043838,0.971556550
gap_expt_ev,heavy_element_proxy,elastic_net,elastic_net;alpha=0.001;l1_ratio=0.8,0.001000000,0.800000000,train,2674,14,1.213766530,0.889596148,0.258470712,0.861120949
gap_expt_ev,heavy_element_proxy,elastic_net,elastic_net;alpha=0.001;l1_ratio=0.8,0.001000000,0.800000000,val,944,14,1.133270340,0.813936045,0.306047382,0.804011980
gap_expt_ev,heavy_element_proxy,elastic_net,elastic_net;alpha=0.001;l1_ratio=0.8,0.001000000,0.800000000,test,986,14,1.369411295,0.976638926,0.267061326,0.971544959
gap_expt_ev,heavy_element_proxy,elastic_net,elastic_net;alpha=0.01;l1_ratio=0.2,0.010000000,0.200000000,train,2674,14,1.214371901,0.890461019,0.257730845,0.861550437
gap_expt_ev,heavy_element_proxy,elastic_net,elastic_net;alpha=0.01;l1_ratio=0.2,0.010000000,0.200000000,val,944,14,1.135622260,0.815810369,0.303164020,0.805680577
gap_expt_ev,heavy_element_proxy,elastic_net,elastic_net;alpha=0.01;l1_ratio=0.2,0.010000000,0.200000000,test,986,14,1.368576314,0.976927937,0.267954854,0.970952572
gap_expt_ev,heavy_element_proxy,elastic_net,elastic_net;alpha=0.01;l1_ratio=0.5,0.010000000,0.500000000,train,2674,14,1.215319747,0.892260119,0.256571677,0.862222896
gap_expt_ev,heavy_element_proxy,elastic_net,elastic_net;alpha=0.01;l1_ratio=0.5,0.010000000,0.500000000,val,944,14,1.138024747,0.818929349,0.300212492,0.807385050
gap_expt_ev,heavy_element_proxy,elastic_net,elastic_net;alpha=0.01;l1_ratio=0.5,0.010000000,0.500000000,test,986,14,1.369251864,0.979405382,0.267231978,0.971431849
gap_expt_ev,heavy_element_proxy,elastic_net,elastic_net;alpha=0.01;l1_ratio=0.8,0.010000000,0.800000000,train,2674,14,1.215717306,0.892594745,0.256085212,0.862504950
gap_expt_ev,heavy_element_proxy,elastic_net,elastic_net;alpha=0.01;l1_ratio=0.8,0.010000000,0.800000000,val,944,14,1.138745358,0.819399220,0.299325984,0.807896295
gap_expt_ev,heavy_element_proxy,elastic_net,elastic_net;alpha=0.01;l1_ratio=0.8,0.010000000,0.800000000,test,986,14,1.370750637,0.980759345,0.265626936,0.972495171
gap_expt_ev,heavy_element_proxy,elastic_net,elastic_net;alpha=0.1;l1_ratio=0.2,0.100000000,0.200000000,train,2674,14,1.221378538,0.893669836,0.249140703,0.866521377
gap_expt_ev,heavy_element_proxy,elastic_net,elastic_net;alpha=0.1;l1_ratio=0.2,0.100000000,0.200000000,val,944,14,1.145973305,0.819654655,0.290402993,0.813024247
gap_expt_ev,heavy_element_proxy,elastic_net,elastic_net;alpha=0.1;l1_ratio=0.2,0.100000000,0.200000000,test,986,14,1.387446331,0.988252911,0.247628715,0.984340127
gap_expt_ev,heavy_element_proxy,elastic_net,elastic_net;alpha=0.1;l1_ratio=0.5,0.100000000,0.500000000,train,2674,14,1.231142965,0.902751984,0.237087080,0.873448865
gap_expt_ev,heavy_element_proxy,elastic_net,elastic_net;alpha=0.1;l1_ratio=0.5,0.100000000,0.500000000,val,944,14,1.156993524,0.828444400,0.276689734,0.820842671
gap_expt_ev,heavy_element_proxy,elastic_net,elastic_net;alpha=0.1;l1_ratio=0.5,0.100000000,0.500000000,test,986,14,1.406399539,1.003352956,0.226932782,0.997786704
gap_expt_ev,heavy_element_proxy,elastic_net,elastic_net;alpha=0.1;l1_ratio=0.8,0.100000000,0.800000000,train,2674,14,1.242905594,0.919342974,0.222439340,0.881794001
gap_expt_ev,heavy_element_proxy,elastic_net,elastic_net;alpha=0.1;l1_ratio=0.8,0.100000000,0.800000000,val,944,14,1.171046743,0.847035445,0.259011899,0.830812893
gap_expt_ev,heavy_element_proxy,elastic_net,elastic_net;alpha=0.1;l1_ratio=0.8,0.100000000,0.800000000,test,986,14,1.422751584,1.025692550,0.208851549,1.009387855
gap_expt_ev,heavy_element_proxy,elastic_net,elastic_net;alpha=1;l1_ratio=0.2,1.000000000,0.200000000,train,2674,14,1.319537420,1.023113424,0.123601924,0.936161351
gap_expt_ev,heavy_element_proxy,elastic_net,elastic_net;alpha=1;l1_ratio=0.2,1.000000000,0.200000000,val,944,14,1.259451842,0.969178551,0.142911032,0.893532931
gap_expt_ev,heavy_element_proxy,elastic_net,elastic_net;alpha=1;l1_ratio=0.2,1.000000000,0.200000000,test,986,14,1.512154854,1.139889921,0.106298757,1.072816056
gap_expt_ev,heavy_element_proxy,elastic_net,elastic_net;alpha=1;l1_ratio=0.5,1.000000000,0.500000000,train,2674,14,1.409519222,1.111659645,0.000000000,1.000000000
gap_expt_ev,heavy_element_proxy,elastic_net,elastic_net;alpha=1;l1_ratio=0.5,1.000000000,0.500000000,val,944,14,1.360703707,1.076982311,-0.000437377,0.965367258
gap_expt_ev,heavy_element_proxy,elastic_net,elastic_net;alpha=1;l1_ratio=0.5,1.000000000,0.500000000,test,986,14,1.611991946,1.229949836,-0.015606710,1.143646656
gap_expt_ev,heavy_element_proxy,elastic_net,elastic_net;alpha=1;l1_ratio=0.8,1.000000000,0.800000000,train,2674,14,1.409519222,1.111659645,0.000000000,1.000000000
gap_expt_ev,heavy_element_proxy,elastic_net,elastic_net;alpha=1;l1_ratio=0.8,1.000000000,0.800000000,val,944,14,1.360703707,1.076982311,-0.000437377,0.965367258
gap_expt_ev,heavy_element_proxy,elastic_net,elastic_net;alpha=1;l1_ratio=0.8,1.000000000,0.800000000,test,986,14,1.611991946,1.229949836,-0.015606710,1.143646656
gap_expt_ev,heavy_element_proxy,huber,huber;alpha=1e-05,0.000010000,,train,2674,14,1.277359345,0.850803482,0.178733377,0.906237620
gap_expt_ev,heavy_element_proxy,huber,huber;alpha=1e-05,0.000010000,,val,944,14,1.221340698,0.816784180,0.193997421,0.866494532
gap_expt_ev,heavy_element_proxy,huber,huber;alpha=1e-05,0.000010000,,test,986,14,1.492595369,0.956741030,0.129269001,1.058939350
gap_expt_ev,heavy_element_proxy,huber,huber;alpha=0.001,0.001000000,,train,2674,14,1.277359159,0.850803371,0.178733616,0.906237488
gap_expt_ev,heavy_element_proxy,huber,huber;alpha=0.001,0.001000000,,val,944,14,1.221340867,0.816784269,0.193997199,0.866494651
gap_expt_ev,heavy_element_proxy,huber,huber;alpha=0.001,0.001000000,,test,986,14,1.492594763,0.956740707,0.129269708,1.058938920
gap_expt_ev,heavy_element_proxy,huber,huber;alpha=0.1,0.100000000,,train,2674,14,1.277341459,0.850792210,0.178756375,0.906224931
gap_expt_ev,heavy_element_proxy,huber,huber;alpha=0.1,0.100000000,,val,944,14,1.221358358,0.816792690,0.193974112,0.866507061
gap_expt_ev,heavy_element_proxy,huber,huber;alpha=0.1,0.100000000,,test,986,14,1.492534534,0.956707806,0.129339978,1.058896190
gap_expt_ev,anion_cation_interaction,ordinary_least_squares,ordinary_least_squares,,,train,2674,20,1.179134489,0.833323710,0.300182693,0.836550840
gap_expt_ev,anion_cation_interaction,ordinary_least_squares,ordinary_least_squares,,,val,944,20,1.096480926,0.740085028,0.350371700,0.777911297
gap_expt_ev,anion_cation_interaction,ordinary_least_squares,ordinary_least_squares,,,test,986,20,1.418530506,0.973443997,0.213539009,1.006393161
gap_expt_ev,anion_cation_interaction,ridge,ridge;alpha=1e-06,0.000001000,,train,2674,20,1.179189223,0.833425824,0.300117722,0.836589671
gap_expt_ev,anion_cation_interaction,ridge,ridge;alpha=1e-06,0.000001000,,val,944,20,1.095721547,0.739372902,0.351271202,0.777372547
gap_expt_ev,anion_cation_interaction,ridge,ridge;alpha=1e-06,0.000001000,,test,986,20,1.418895038,0.973619539,0.213134750,1.006651783
gap_expt_ev,anion_cation_interaction,ridge,ridge;alpha=0.0001,0.000100000,,train,2674,20,1.179189223,0.833425826,0.300117722,0.836589671
gap_expt_ev,anion_cation_interaction,ridge,ridge;alpha=0.0001,0.000100000,,val,944,20,1.095721549,0.739372912,0.351271201,0.777372547
gap_expt_ev,anion_cation_interaction,ridge,ridge;alpha=0.0001,0.000100000,,test,986,20,1.418895038,0.973619532,0.213134749,1.006651783
gap_expt_ev,anion_cation_interaction,ridge,ridge;alpha=0.01,0.010000000,,train,2674,20,1.179189223,0.833426073,0.300117722,0.836589671
gap_expt_ev,anion_cation_interaction,ridge,ridge;alpha=0.01,0.010000000,,val,944,20,1.095721651,0.739373845,0.351271079,0.777372620
gap_expt_ev,anion_cation_interaction,ridge,ridge;alpha=0.01,0.010000000,,test,986,20,1.418895101,0.973618805,0.213134679,1.006651828
gap_expt_ev,anion_cation_interaction,ridge,ridge;alpha=1,1.000000000,,train,2674,20,1.179189834,0.833450581,0.300116996,0.836590105
gap_expt_ev,anion_cation_interaction,ridge,ridge;alpha=1,1.000000000,,val,944,20,1.095732525,0.739469112,0.351258203,0.777380335
gap_expt_ev,anion_cation_interaction,ridge,ridge;alpha=1,1.000000000,,test,986,20,1.418901215,0.973549920,0.213127899,1.006656165
gap_expt_ev,anion_cation_interaction,ridge,ridge;alpha=10,10.000000000,,train,2674,20,1.179241187,0.833668831,0.300056036,0.836626538
gap_expt_ev,anion_cation_interaction,ridge,ridge;alpha=10,10.000000000,,val,944,20,1.095874567,0.740306237,0.351089997,0.777481108
gap_expt_ev,anion_cation_interaction,ridge,ridge;alpha=10,10.000000000,,test,986,20,1.418941252,0.972996666,0.213083492,1.006684570
gap_expt_ev,anion_cation_interaction,ridge,ridge;alpha=100,100.000000000,,train,2674,20,1.181070218,0.836244326,0.297883093,0.837924166
gap_expt_ev,anion_cation_interaction,ridge,ridge;alpha=100,100.000000000,,val,944,20,1.098365716,0.747201658,0.348136431,0.779248483
gap_expt_ev,anion_cation_interaction,ridge,ridge;alpha=100,100.000000000,,test,986,20,1.418401828,0.970903193,0.213681686,1.006301869
gap_expt_ev,anion_cation_interaction,lasso,lasso;alpha=1e-05,0.000010000,,train,2674,20,1.179189232,0.833425869,0.300117711,0.836589678
gap_expt_ev,anion_cation_interaction,lasso,lasso;alpha=1e-05,0.000010000,,val,944,20,1.095722452,0.739379759,0.351270131,0.777373188
gap_expt_ev,anion_cation_interaction,lasso,lasso;alpha=1e-05,0.000010000,,test,986,20,1.418900253,0.973610074,0.213128965,1.006655483
gap_expt_ev,anion_cation_interaction,lasso,lasso;alpha=0.0001,0.000100000,,train,2674,20,1.179190161,0.833423221,0.300116608,0.836590337
gap_expt_ev,anion_cation_interaction,lasso,lasso;alpha=0.0001,0.000100000,,val,944,20,1.095729199,0.739447109,0.351262142,0.777377975
gap_expt_ev,anion_cation_interaction,lasso,lasso;alpha=0.0001,0.000100000,,test,986,20,1.418949653,0.973524891,0.213074173,1.006690530
gap_expt_ev,anion_cation_interaction,lasso,lasso;alpha=0.001,0.001000000,,train,2674,20,1.179283059,0.833440885,0.300006328,0.836656245
gap_expt_ev,anion_cation_interaction,lasso,lasso;alpha=0.001,0.001000000,,val,944,20,1.095885761,0.740191786,0.351076740,0.777489050
gap_expt_ev,anion_cation_interaction,lasso,lasso;alpha=0.001,0.001000000,,test,986,20,1.419509917,0.972694892,0.212452624,1.007088016
gap_expt_ev,anion_cation_interaction,lasso,lasso;alpha=0.01,0.010000000,,train,2674,20,1.182229323,0.837548065,0.296504299,0.838746506
gap_expt_ev,anion_cation_interaction,lasso,lasso;alpha=0.01,0.010000000,,val,944,20,1.101744796,0.752199384,0.344119394,0.781645811
gap_expt_ev,anion_cation_interaction,lasso,lasso;alpha=0.01,0.010000000,,test,986,20,1.420575450,0.969521127,0.211269861,1.007843971
gap_expt_ev,anion_cation_interaction,lasso,lasso;alpha=0.1,0.100000000,,train,2674,20,1.204957435,0.852781386,0.269195175,0.854871233
gap_expt_ev,anion_cation_interaction,lasso,lasso;alpha=0.1,0.100000000,,val,944,20,1.130810032,0.779822196,0.309057228,0.802266485
gap_expt_ev,anion_cation_interaction,lasso,lasso;alpha=0.1,0.100000000,,test,986,20,1.438366147,0.983052378,0.191390699,1.020465790
gap_expt_ev,anion_cation_interaction,lasso,lasso;alpha=1,1.000000000,,train,2674,20,1.409519222,1.111659645,0.000000000,1.000000000
gap_expt_ev,anion_cation_interaction,lasso,lasso;alpha=1,1.000000000,,val,944,20,1.360703707,1.076982311,-0.000437377,0.965367258
gap_expt_ev,anion_cation_interaction,lasso,lasso;alpha=1,1.000000000,,test,986,20,1.611991946,1.229949836,-0.015606710,1.143646656
gap_expt_ev,anion_cation_interaction,elastic_net,elastic_net;alpha=0.0001;l1_ratio=0.2,0.000100000,0.200000000,train,2674,20,1.179189344,0.833432217,0.300117578,0.836589757
gap_expt_ev,anion_cation_interaction,elastic_net,elastic_net;alpha=0.0001;l1_ratio=0.2,0.000100000,0.200000000,val,944,20,1.095726833,0.739408838,0.351264943,0.777376296
gap_expt_ev,anion_cation_interaction,elastic_net,elastic_net;alpha=0.0001;l1_ratio=0.2,0.000100000,0.200000000,test,986,20,1.418904035,0.973586739,0.213124770,1.006658166
gap_expt_ev,anion_cation_interaction,elastic_net,elastic_net;alpha=0.0001;l1_ratio=0.5,0.000100000,0.500000000,train,2674,20,1.179189552,0.833429377,0.300117331,0.836589905
gap_expt_ev,anion_cation_interaction,elastic_net,elastic_net;alpha=0.0001;l1_ratio=0.5,0.000100000,0.500000000,val,944,20,1.095728270,0.739423951,0.351263242,0.777377316
gap_expt_ev,anion_cation_interaction,elastic_net,elastic_net;alpha=0.0001;l1_ratio=0.5,0.000100000,0.500000000,test,986,20,1.418919475,0.973564029,0.213107646,1.006669120
gap_expt_ev,anion_cation_interaction,elastic_net,elastic_net;alpha=0.0001;l1_ratio=0.8,0.000100000,0.800000000,train,2674,20,1.179189878,0.833425686,0.300116944,0.836590136
gap_expt_ev,anion_cation_interaction,elastic_net,elastic_net;alpha=0.0001;l1_ratio=0.8,0.000100000,0.800000000,val,944,20,1.095728796,0.739437850,0.351262619,0.777377689
gap_expt_ev,anion_cation_interaction,elastic_net,elastic_net;alpha=0.0001;l1_ratio=0.8,0.000100000,0.800000000,test,986,20,1.418937519,0.973540552,0.213087632,1.006681921
gap_expt_ev,anion_cation_interaction,elastic_net,elastic_net;alpha=0.001;l1_ratio=0.2,0.001000000,0.200000000,train,2674,20,1.179200920,0.833491258,0.300103836,0.836597970
gap_expt_ev,anion_cation_interaction,elastic_net,elastic_net;alpha=0.001;l1_ratio=0.2,0.001000000,0.200000000,val,944,20,1.095784771,0.739750079,0.351196336,0.777417401
gap_expt_ev,anion_cation_interaction,elastic_net,elastic_net;alpha=0.001;l1_ratio=0.2,0.001000000,0.200000000,test,986,20,1.418987236,0.973305249,0.213032487,1.006717194
gap_expt_ev,anion_cation_interaction,elastic_net,elastic_net;alpha=0.001;l1_ratio=0.5,0.001000000,0.500000000,train,2674,20,1.179221239,0.833467103,0.300079717,0.836612385
gap_expt_ev,anion_cation_interaction,elastic_net,elastic_net;alpha=0.001;l1_ratio=0.5,0.001000000,0.500000000,val,944,20,1.095817895,0.739907526,0.351157110,0.777440902
gap_expt_ev,anion_cation_interaction,elastic_net,elastic_net;alpha=0.001;l1_ratio=0.5,0.001000000,0.500000000,test,986,20,1.419152931,0.973081885,0.212848688,1.006834748
gap_expt_ev,anion_cation_interaction,elastic_net,elastic_net;alpha=0.001;l1_ratio=0.8,0.001000000,0.800000000,train,2674,20,1.179254048,0.833445453,0.300040768,0.836635662
gap_expt_ev,anion_cation_interaction,elastic_net,elastic_net;alpha=0.001;l1_ratio=0.8,0.001000000,0.800000000,val,944,20,1.095854099,0.740071632,0.351114236,0.777466587
gap_expt_ev,anion_cation_interaction,elastic_net,elastic_net;alpha=0.001;l1_ratio=0.8,0.001000000,0.800000000,test,986,20,1.419361501,0.972850543,0.212617299,1.006982721
gap_expt_ev,anion_cation_interaction,elastic_net,elastic_net;alpha=0.01;l1_ratio=0.2,0.010000000,0.200000000,train,2674,20,1.180009915,0.834578250,0.299143175,0.837171921
gap_expt_ev,anion_cation_interaction,elastic_net,elastic_net;alpha=0.01;l1_ratio=0.2,0.010000000,0.200000000,val,944,20,1.097099104,0.743296927,0.349638995,0.778349870
gap_expt_ev,anion_cation_interaction,elastic_net,elastic_net;alpha=0.01;l1_ratio=0.2,0.010000000,0.200000000,test,986,20,1.419869056,0.971326176,0.212054072,1.007342811
gap_expt_ev,anion_cation_interaction,elastic_net,elastic_net;alpha=0.01;l1_ratio=0.5,0.010000000,0.500000000,train,2674,20,1.180844242,0.835639027,0.298151742,0.837763844
gap_expt_ev,anion_cation_interaction,elastic_net,elastic_net;alpha=0.01;l1_ratio=0.5,0.010000000,0.500000000,val,944,20,1.098469141,0.746430327,0.348013664,0.779321859
gap_expt_ev,anion_cation_interaction,elastic_net,elastic_net;alpha=0.01;l1_ratio=0.5,0.010000000,0.500000000,test,986,20,1.420539797,0.970878894,0.211309450,1.007818676
gap_expt_ev,anion_cation_interaction,elastic_net,elastic_net;alpha=0.01;l1_ratio=0.8,0.010000000,0.800000000,train,2674,20,1.181673483,0.836701319,0.297165658,0.838352159
gap_expt_ev,anion_cation_interaction,elastic_net,elastic_net;alpha=0.01;l1_ratio=0.8,0.010000000,0.800000000,val,944,20,1.100403330,0.749858652,0.345715601,0.780694093
gap_expt_ev,anion_cation_interaction,elastic_net,elastic_net;alpha=0.01;l1_ratio=0.8,0.010000000,0.800000000,test,986,20,1.420708070,0.969992290,0.211122587,1.007938060
gap_expt_ev,anion_cation_interaction,elastic_net,elastic_net;alpha=0.1;l1_ratio=0.2,0.100000000,0.200000000,train,2674,20,1.191854559,0.844671613,0.285002508,0.845575243
gap_expt_ev,anion_cation_interaction,elastic_net,elastic_net;alpha=0.1;l1_ratio=0.2,0.100000000,0.200000000,val,944,20,1.111968934,0.765607937,0.331889832,0.788899446
gap_expt_ev,anion_cation_interaction,elastic_net,elastic_net;alpha=0.1;l1_ratio=0.2,0.100000000,0.200000000,test,986,20,1.422952615,0.971974676,0.208627959,1.009530478
gap_expt_ev,anion_cation_interaction,elastic_net,elastic_net;alpha=0.1;l1_ratio=0.5,0.100000000,0.500000000,train,2674,20,1.195100860,0.844766473,0.281102271,0.847878369
gap_expt_ev,anion_cation_interaction,elastic_net,elastic_net;alpha=0.1;l1_ratio=0.5,0.100000000,0.500000000,val,944,20,1.118413955,0.769216424,0.324122596,0.793471942
gap_expt_ev,anion_cation_interaction,elastic_net,elastic_net;alpha=0.1;l1_ratio=0.5,0.100000000,0.500000000,test,986,20,1.427873041,0.971769854,0.203145527,1.013021333
gap_expt_ev,anion_cation_interaction,elastic_net,elastic_net;alpha=0.1;l1_ratio=0.8,0.100000000,0.800000000,train,2674,20,1.200356106,0.848051201,0.274765917,0.851606766
gap_expt_ev,anion_cation_interaction,elastic_net,elastic_net;alpha=0.1;l1_ratio=0.8,0.100000000,0.800000000,val,944,20,1.125774793,0.775016043,0.315196749,0.798694175
gap_expt_ev,anion_cation_interaction,elastic_net,elastic_net;alpha=0.1;l1_ratio=0.8,0.100000000,0.800000000,test,986,20,1.433561608,0.976366104,0.196783632,1.017057153
gap_expt_ev,anion_cation_interaction,elastic_net,elastic_net;alpha=1;l1_ratio=0.2,1.000000000,0.200000000,train,2674,20,1.257160696,0.927872700,0.204501100,0.891907450
gap_expt_ev,anion_cation_interaction,elastic_net,elastic_net;alpha=1;l1_ratio=0.2,1.000000000,0.200000000,val,944,20,1.186803867,0.868955697,0.238936878,0.841991970
gap_expt_ev,anion_cation_interaction,elastic_net,elastic_net;alpha=1;l1_ratio=0.2,1.000000000,0.200000000,test,986,20,1.469875203,1.054748355,0.155575640,1.042820261
gap_expt_ev,anion_cation_interaction,elastic_net,elastic_net;alpha=1;l1_ratio=0.5,1.000000000,0.500000000,train,2674,20,1.357515381,1.057372188,0.072428253,0.963105263
gap_expt_ev,anion_cation_interaction,elastic_net,elastic_net;alpha=1;l1_ratio=0.5,1.000000000,0.500000000,val,944,20,1.302331523,1.014031002,0.083556113,0.923954425
gap_expt_ev,anion_cation_interaction,elastic_net,elastic_net;alpha=1;l1_ratio=0.5,1.000000000,0.500000000,test,986,20,1.568951115,1.183543209,0.037903464,1.113110833
gap_expt_ev,anion_cation_interaction,elastic_net,elastic_net;alpha=1;l1_ratio=0.8,1.000000000,0.800000000,train,2674,20,1.409519222,1.111659645,0.000000000,1.000000000
gap_expt_ev,anion_cation_interaction,elastic_net,elastic_net;alpha=1;l1_ratio=0.8,1.000000000,0.800000000,val,944,20,1.360703707,1.076982311,-0.000437377,0.965367258
gap_expt_ev,anion_cation_interaction,elastic_net,elastic_net;alpha=1;l1_ratio=0.8,1.000000000,0.800000000,test,986,20,1.611991946,1.229949836,-0.015606710,1.143646656
gap_expt_ev,anion_cation_interaction,huber,huber;alpha=1e-05,0.000010000,,train,2674,20,1.249680213,0.801228241,0.213939849,0.886600334
gap_expt_ev,anion_cation_interaction,huber,huber;alpha=1e-05,0.000010000,,val,944,20,1.171042748,0.730238174,0.259016955,0.830810059
gap_expt_ev,anion_cation_interaction,huber,huber;alpha=1e-05,0.000010000,,test,986,20,1.486412027,0.954054388,0.136468373,1.054552505
gap_expt_ev,anion_cation_interaction,huber,huber;alpha=0.001,0.001000000,,train,2674,20,1.249679908,0.801228218,0.213940232,0.886600117
gap_expt_ev,anion_cation_interaction,huber,huber;alpha=0.001,0.001000000,,val,944,20,1.171042491,0.730238105,0.259017280,0.830809876
gap_expt_ev,anion_cation_interaction,huber,huber;alpha=0.001,0.001000000,,test,986,20,1.486411782,0.954054200,0.136468658,1.054552332
gap_expt_ev,anion_cation_interaction,huber,huber;alpha=0.1,0.100000000,,train,2674,20,1.249677168,0.801226636,0.213943679,0.886598174
gap_expt_ev,anion_cation_interaction,huber,huber;alpha=0.1,0.100000000,,val,944,20,1.171045154,0.730243961,0.259013910,0.830811766
gap_expt_ev,anion_cation_interaction,huber,huber;alpha=0.1,0.100000000,,test,986,20,1.486423208,0.954044691,0.136455383,1.054560437
gap_expt_ev,mechanism_compact,ordinary_least_squares,ordinary_least_squares,,,train,2674,28,1.184083267,0.836470410,0.294296158,0.840061808
gap_expt_ev,mechanism_compact,ordinary_least_squares,ordinary_least_squares,,,val,944,28,1.088851686,0.744299623,0.359380390,0.772498643
gap_expt_ev,mechanism_compact,ordinary_least_squares,ordinary_least_squares,,,test,986,28,1.403095642,0.973921193,0.230560676,0.995442715
gap_expt_ev,mechanism_compact,ridge,ridge;alpha=1e-06,0.000001000,,train,2674,28,1.184141196,0.836629895,0.294227106,0.840102907
gap_expt_ev,mechanism_compact,ridge,ridge;alpha=1e-06,0.000001000,,val,944,28,1.087909873,0.743560323,0.360488131,0.771830462
gap_expt_ev,mechanism_compact,ridge,ridge;alpha=1e-06,0.000001000,,test,986,28,1.403329058,0.974121741,0.230304651,0.995608315
gap_expt_ev,mechanism_compact,ridge,ridge;alpha=0.0001,0.000100000,,train,2674,28,1.184141196,0.836629850,0.294227106,0.840102907
gap_expt_ev,mechanism_compact,ridge,ridge;alpha=0.0001,0.000100000,,val,944,28,1.087909712,0.743560167,0.360488320,0.771830348
gap_expt_ev,mechanism_compact,ridge,ridge;alpha=0.0001,0.000100000,,test,986,28,1.403328979,0.974121622,0.230304737,0.995608259
gap_expt_ev,mechanism_compact,ridge,ridge;alpha=0.01,0.010000000,,train,2674,28,1.184141201,0.836625391,0.294227100,0.840102910
gap_expt_ev,mechanism_compact,ridge,ridge;alpha=0.01,0.010000000,,val,944,28,1.087893633,0.743544579,0.360507223,0.771818941
gap_expt_ev,mechanism_compact,ridge,ridge;alpha=0.01,0.010000000,,test,986,28,1.403321141,0.974109746,0.230313335,0.995602698
gap_expt_ev,mechanism_compact,ridge,ridge;alpha=1,1.000000000,,train,2674,28,1.184183730,0.836242435,0.294176403,0.840133083
gap_expt_ev,mechanism_compact,ridge,ridge;alpha=1,1.000000000,,val,944,28,1.086469356,0.742097966,0.362180584,0.770808470
gap_expt_ev,mechanism_compact,ridge,ridge;alpha=1,1.000000000,,test,986,28,1.402626606,0.972999307,0.231075017,0.995109952
gap_expt_ev,mechanism_compact,ridge,ridge;alpha=10,10.000000000,,train,2674,28,1.185751152,0.834822816,0.292306667,0.841245109
gap_expt_ev,mechanism_compact,ridge,ridge;alpha=10,10.000000000,,val,944,28,1.081403398,0.735582899,0.368114728,0.767214367
gap_expt_ev,mechanism_compact,ridge,ridge;alpha=10,10.000000000,,test,986,28,1.400166052,0.968460410,0.233770420,0.993364283
gap_expt_ev,mechanism_compact,ridge,ridge;alpha=100,100.000000000,,train,2674,28,1.192548844,0.836056953,0.284169259,0.846067811
gap_expt_ev,mechanism_compact,ridge,ridge;alpha=100,100.000000000,,val,944,28,1.083960931,0.733374246,0.365122361,0.769028839
gap_expt_ev,mechanism_compact,ridge,ridge;alpha=100,100.000000000,,test,986,28,1.400891041,0.962171362,0.232976726,0.993878635
gap_expt_ev,mechanism_compact,lasso,lasso;alpha=1e-05,0.000010000,,train,2674,28,1.184141253,0.836614887,0.294227039,0.840102947
gap_expt_ev,mechanism_compact,lasso,lasso;alpha=1e-05,0.000010000,,val,944,28,1.087861006,0.743515211,0.360545581,0.771795793
gap_expt_ev,mechanism_compact,lasso,lasso;alpha=1e-05,0.000010000,,test,986,28,1.403298857,0.974083192,0.230337779,0.995586888
gap_expt_ev,mechanism_compact,lasso,lasso;alpha=0.0001,0.000100000,,train,2674,28,1.184146886,0.836491412,0.294220323,0.840106944
gap_expt_ev,mechanism_compact,lasso,lasso;alpha=0.0001,0.000100000,,val,944,28,1.087428399,0.743109185,0.361054061,0.771488875
gap_expt_ev,mechanism_compact,lasso,lasso;alpha=0.0001,0.000100000,,test,986,28,1.403030465,0.973737203,0.230632159,0.995396475
gap_expt_ev,mechanism_compact,lasso,lasso;alpha=0.001,0.001000000,,train,2674,28,1.184684284,0.835467111,0.293579574,0.840488207
gap_expt_ev,mechanism_compact,lasso,lasso;alpha=0.001,0.001000000,,val,944,28,1.084002973,0.739605497,0.365073111,0.769058666
gap_expt_ev,mechanism_compact,lasso,lasso;alpha=0.001,0.001000000,,test,986,28,1.400544171,0.970459512,0.233356518,0.993632544
gap_expt_ev,mechanism_compact,lasso,lasso;alpha=0.01,0.010000000,,train,2674,28,1.196581910,0.839419772,0.279319353,0.848929118
gap_expt_ev,mechanism_compact,lasso,lasso;alpha=0.01,0.010000000,,val,944,28,1.092142593,0.739996045,0.355502166,0.774833415
gap_expt_ev,mechanism_compact,lasso,lasso;alpha=0.01,0.010000000,,test,986,28,1.412236662,0.965234178,0.220502386,1.001927920
gap_expt_ev,mechanism_compact,lasso,lasso;alpha=0.1,0.100000000,,train,2674,28,1.218696574,0.852678021,0.252434631,0.864618626
gap_expt_ev,mechanism_compact,lasso,lasso;alpha=0.1,0.100000000,,val,944,28,1.129094969,0.771379649,0.311151500,0.801049713
gap_expt_ev,mechanism_compact,lasso,lasso;alpha=0.1,0.100000000,,test,986,28,1.439960479,0.984688854,0.189597127,1.021596908
gap_expt_ev,mechanism_compact,lasso,lasso;alpha=1,1.000000000,,train,2674,28,1.409519222,1.111659645,0.000000000,1.000000000
gap_expt_ev,mechanism_compact,lasso,lasso;alpha=1,1.000000000,,val,944,28,1.360703707,1.076982311,-0.000437377,0.965367258
gap_expt_ev,mechanism_compact,lasso,lasso;alpha=1,1.000000000,,test,986,28,1.611991946,1.229949836,-0.015606710,1.143646656
gap_expt_ev,mechanism_compact,elastic_net,elastic_net;alpha=0.0001;l1_ratio=0.2,0.000100000,0.200000000,train,2674,28,1.184144890,0.836511790,0.294222702,0.840105528
gap_expt_ev,mechanism_compact,elastic_net,elastic_net;alpha=0.0001;l1_ratio=0.2,0.000100000,0.200000000,val,944,28,1.087477255,0.743139966,0.360996646,0.771523537
gap_expt_ev,mechanism_compact,elastic_net,elastic_net;alpha=0.0001;l1_ratio=0.2,0.000100000,0.200000000,test,986,28,1.403105128,0.973792408,0.230550272,0.995449445
gap_expt_ev,mechanism_compact,elastic_net,elastic_net;alpha=0.0001;l1_ratio=0.5,0.000100000,0.500000000,train,2674,28,1.184145500,0.836503884,0.294221975,0.840105961
gap_expt_ev,mechanism_compact,elastic_net,elastic_net;alpha=0.0001;l1_ratio=0.5,0.000100000,0.500000000,val,944,28,1.087459062,0.743128712,0.361018027,0.771510629
gap_expt_ev,mechanism_compact,elastic_net,elastic_net;alpha=0.0001;l1_ratio=0.5,0.000100000,0.500000000,test,986,28,1.403076751,0.973771140,0.230581395,0.995429313
gap_expt_ev,mechanism_compact,elastic_net,elastic_net;alpha=0.0001;l1_ratio=0.8,0.000100000,0.800000000,train,2674,28,1.184146283,0.836496413,0.294221042,0.840106516
gap_expt_ev,mechanism_compact,elastic_net,elastic_net;alpha=0.0001;l1_ratio=0.8,0.000100000,0.800000000,val,944,28,1.087441554,0.743119664,0.361038602,0.771498208
gap_expt_ev,mechanism_compact,elastic_net,elastic_net;alpha=0.0001;l1_ratio=0.8,0.000100000,0.800000000,test,986,28,1.403045255,0.973748989,0.230615938,0.995406968
gap_expt_ev,mechanism_compact,elastic_net,elastic_net;alpha=0.001;l1_ratio=0.2,0.001000000,0.200000000,train,2674,28,1.184424343,0.835765332,0.293889543,0.840303789
gap_expt_ev,mechanism_compact,elastic_net,elastic_net;alpha=0.001;l1_ratio=0.2,0.001000000,0.200000000,val,944,28,1.084551262,0.740059954,0.364430656,0.769447656
gap_expt_ev,mechanism_compact,elastic_net,elastic_net;alpha=0.001;l1_ratio=0.2,0.001000000,0.200000000,test,986,28,1.401467526,0.971436813,0.232345316,0.994287629
gap_expt_ev,mechanism_compact,elastic_net,elastic_net;alpha=0.001;l1_ratio=0.5,0.001000000,0.500000000,train,2674,28,1.184505497,0.835735385,0.293792777,0.840361364
gap_expt_ev,mechanism_compact,elastic_net,elastic_net;alpha=0.001;l1_ratio=0.5,0.001000000,0.500000000,val,944,28,1.084311609,0.739880006,0.364711509,0.769277631
gap_expt_ev,mechanism_compact,elastic_net,elastic_net;alpha=0.001;l1_ratio=0.5,0.001000000,0.500000000,test,986,28,1.401026534,0.971103911,0.232828346,0.993974762
gap_expt_ev,mechanism_compact,elastic_net,elastic_net;alpha=0.001;l1_ratio=0.8,0.001000000,0.800000000,train,2674,28,1.184604216,0.835571929,0.293675059,0.840431402
gap_expt_ev,mechanism_compact,elastic_net,elastic_net;alpha=0.001;l1_ratio=0.8,0.001000000,0.800000000,val,944,28,1.084126728,0.739703235,0.364928131,0.769146465
gap_expt_ev,mechanism_compact,elastic_net,elastic_net;alpha=0.001;l1_ratio=0.8,0.001000000,0.800000000,test,986,28,1.400756259,0.970727676,0.233124311,0.993783012
gap_expt_ev,mechanism_compact,elastic_net,elastic_net;alpha=0.01;l1_ratio=0.2,0.010000000,0.200000000,train,2674,28,1.189659826,0.833629146,0.287633339,0.844018164
gap_expt_ev,mechanism_compact,elastic_net,elastic_net;alpha=0.01;l1_ratio=0.2,0.010000000,0.200000000,val,944,28,1.083107632,0.733268392,0.366121524,0.768423456
gap_expt_ev,mechanism_compact,elastic_net,elastic_net;alpha=0.01;l1_ratio=0.2,0.010000000,0.200000000,test,986,28,1.400085183,0.963072725,0.233858927,0.993306910
gap_expt_ev,mechanism_compact,elastic_net,elastic_net;alpha=0.01;l1_ratio=0.5,0.010000000,0.500000000,train,2674,28,1.193232904,0.835759927,0.283347805,0.846553126
gap_expt_ev,mechanism_compact,elastic_net,elastic_net;alpha=0.01;l1_ratio=0.5,0.010000000,0.500000000,val,944,28,1.086257780,0.734785814,0.362428974,0.770658365
gap_expt_ev,mechanism_compact,elastic_net,elastic_net;alpha=0.01;l1_ratio=0.5,0.010000000,0.500000000,test,986,28,1.403026470,0.961823742,0.230636541,0.995393640
gap_expt_ev,mechanism_compact,elastic_net,elastic_net;alpha=0.01;l1_ratio=0.8,0.010000000,0.800000000,train,2674,28,1.195301818,0.837429080,0.280860483,0.848020941
gap_expt_ev,mechanism_compact,elastic_net,elastic_net;alpha=0.01;l1_ratio=0.8,0.010000000,0.800000000,val,944,28,1.089898986,0.737261046,0.358147452,0.773241662
gap_expt_ev,mechanism_compact,elastic_net,elastic_net;alpha=0.01;l1_ratio=0.8,0.010000000,0.800000000,test,986,28,1.409721424,0.964034304,0.223276533,1.000143455
gap_expt_ev,mechanism_compact,elastic_net,elastic_net;alpha=0.1;l1_ratio=0.2,0.100000000,0.200000000,train,2674,28,1.204140155,0.846120451,0.270186198,0.854291404
gap_expt_ev,mechanism_compact,elastic_net,elastic_net;alpha=0.1;l1_ratio=0.2,0.100000000,0.200000000,val,944,28,1.104092668,0.753774820,0.341320989,0.783311537
gap_expt_ev,mechanism_compact,elastic_net,elastic_net;alpha=0.1;l1_ratio=0.2,0.100000000,0.200000000,test,986,28,1.415266373,0.968364506,0.217154243,1.004077383
gap_expt_ev,mechanism_compact,elastic_net,elastic_net;alpha=0.1;l1_ratio=0.5,0.100000000,0.500000000,train,2674,28,1.210009983,0.847906559,0.263053602,0.858455822
gap_expt_ev,mechanism_compact,elastic_net,elastic_net;alpha=0.1;l1_ratio=0.5,0.100000000,0.500000000,val,944,28,1.114019688,0.760687922,0.329423229,0.790354377
gap_expt_ev,mechanism_compact,elastic_net,elastic_net;alpha=0.1;l1_ratio=0.5,0.100000000,0.500000000,test,986,28,1.424791988,0.975690102,0.206580710,1.010835443
gap_expt_ev,mechanism_compact,elastic_net,elastic_net;alpha=0.1;l1_ratio=0.8,0.100000000,0.800000000,train,2674,28,1.214621344,0.849270762,0.257425876,0.861727407
gap_expt_ev,mechanism_compact,elastic_net,elastic_net;alpha=0.1;l1_ratio=0.8,0.100000000,0.800000000,val,944,28,1.122422683,0.765825086,0.319268821,0.796315982
gap_expt_ev,mechanism_compact,elastic_net,elastic_net;alpha=0.1;l1_ratio=0.8,0.100000000,0.800000000,test,986,28,1.432906781,0.979257793,0.197517256,1.016592579
gap_expt_ev,mechanism_compact,elastic_net,elastic_net;alpha=1;l1_ratio=0.2,1.000000000,0.200000000,train,2674,28,1.258798160,0.924918425,0.202427460,0.893069169
gap_expt_ev,mechanism_compact,elastic_net,elastic_net;alpha=1;l1_ratio=0.2,1.000000000,0.200000000,val,944,28,1.185695129,0.866946082,0.240358217,0.841205363
gap_expt_ev,mechanism_compact,elastic_net,elastic_net;alpha=1;l1_ratio=0.2,1.000000000,0.200000000,test,986,28,1.466350818,1.050128204,0.159620213,1.040319844
gap_expt_ev,mechanism_compact,elastic_net,elastic_net;alpha=1;l1_ratio=0.5,1.000000000,0.500000000,train,2674,28,1.357515381,1.057372188,0.072428253,0.963105263
gap_expt_ev,mechanism_compact,elastic_net,elastic_net;alpha=1;l1_ratio=0.5,1.000000000,0.500000000,val,944,28,1.302331523,1.014031002,0.083556113,0.923954425
gap_expt_ev,mechanism_compact,elastic_net,elastic_net;alpha=1;l1_ratio=0.5,1.000000000,0.500000000,test,986,28,1.568951115,1.183543209,0.037903464,1.113110833
gap_expt_ev,mechanism_compact,elastic_net,elastic_net;alpha=1;l1_ratio=0.8,1.000000000,0.800000000,train,2674,28,1.409519222,1.111659645,0.000000000,1.000000000
gap_expt_ev,mechanism_compact,elastic_net,elastic_net;alpha=1;l1_ratio=0.8,1.000000000,0.800000000,val,944,28,1.360703707,1.076982311,-0.000437377,0.965367258
gap_expt_ev,mechanism_compact,elastic_net,elastic_net;alpha=1;l1_ratio=0.8,1.000000000,0.800000000,test,986,28,1.611991946,1.229949836,-0.015606710,1.143646656
gap_expt_ev,mechanism_compact,huber,huber;alpha=1e-05,0.000010000,,train,2674,28,1.303750764,0.752374457,0.144446552,0.924961322
gap_expt_ev,mechanism_compact,huber,huber;alpha=1e-05,0.000010000,,val,944,28,1.208326432,0.683736516,0.211082983,0.857261407
gap_expt_ev,mechanism_compact,huber,huber;alpha=1e-05,0.000010000,,test,986,28,1.574737396,0.916971368,0.030793967,1.117215978
gap_expt_ev,mechanism_compact,huber,huber;alpha=0.001,0.001000000,,train,2674,28,1.303764463,0.752371121,0.144428572,0.924971042
gap_expt_ev,mechanism_compact,huber,huber;alpha=0.001,0.001000000,,val,944,28,1.208341697,0.683725297,0.211063049,0.857272237
gap_expt_ev,mechanism_compact,huber,huber;alpha=0.001,0.001000000,,test,986,28,1.574767561,0.916967944,0.030756836,1.117237378
gap_expt_ev,mechanism_compact,huber,huber;alpha=0.1,0.100000000,,train,2674,28,1.303809347,0.752365525,0.144369663,0.925002885
gap_expt_ev,mechanism_compact,huber,huber;alpha=0.1,0.100000000,,val,944,28,1.208379397,0.683732221,0.211013819,0.857298984
gap_expt_ev,mechanism_compact,huber,huber;alpha=0.1,0.100000000,,test,986,28,1.574802304,0.916942214,0.030714068,1.117262027
gap_expt_ev,mechanism_full_low_capacity,ordinary_least_squares,ordinary_least_squares,,,train,2674,35,1.162115147,0.827746118,0.320238884,0.824476268
gap_expt_ev,mechanism_full_low_capacity,ordinary_least_squares,ordinary_least_squares,,,val,944,35,1.081983957,0.746058964,0.367436083,0.767626251
gap_expt_ev,mechanism_full_low_capacity,ordinary_least_squares,ordinary_least_squares,,,test,986,35,1.369012351,0.950893597,0.267488311,0.971261924
gap_expt_ev,mechanism_full_low_capacity,ridge,ridge;alpha=1e-06,0.000001000,,train,2674,35,1.162287486,0.827832996,0.320037256,0.824598535
gap_expt_ev,mechanism_full_low_capacity,ridge,ridge;alpha=1e-06,0.000001000,,val,944,35,1.080673286,0.744737623,0.368967678,0.766696381
gap_expt_ev,mechanism_full_low_capacity,ridge,ridge;alpha=1e-06,0.000001000,,test,986,35,1.369888966,0.951483395,0.266549917,0.971883848
gap_expt_ev,mechanism_full_low_capacity,ridge,ridge;alpha=0.0001,0.000100000,,train,2674,35,1.162287486,0.827832966,0.320037256,0.824598535
gap_expt_ev,mechanism_full_low_capacity,ridge,ridge;alpha=0.0001,0.000100000,,val,944,35,1.080673142,0.744737528,0.368967846,0.766696278
gap_expt_ev,mechanism_full_low_capacity,ridge,ridge;alpha=0.0001,0.000100000,,test,986,35,1.369888885,0.951483315,0.266550004,0.971883791
gap_expt_ev,mechanism_full_low_capacity,ridge,ridge;alpha=0.01,0.010000000,,train,2674,35,1.162287490,0.827829883,0.320037251,0.824598538
gap_expt_ev,mechanism_full_low_capacity,ridge,ridge;alpha=0.01,0.010000000,,val,944,35,1.080658721,0.744728009,0.368984688,0.766686047
gap_expt_ev,mechanism_full_low_capacity,ridge,ridge;alpha=0.01,0.010000000,,test,986,35,1.369880765,0.951475340,0.266558699,0.971878030
gap_expt_ev,mechanism_full_low_capacity,ridge,ridge;alpha=1,1.000000000,,train,2674,35,1.162322314,0.827556562,0.319996505,0.824623244
gap_expt_ev,mechanism_full_low_capacity,ridge,ridge;alpha=1,1.000000000,,val,944,35,1.079379049,0.743852364,0.370478248,0.765778169
gap_expt_ev,mechanism_full_low_capacity,ridge,ridge;alpha=1,1.000000000,,test,986,35,1.369151688,0.950724152,0.267339195,0.971360777
gap_expt_ev,mechanism_full_low_capacity,ridge,ridge;alpha=10,10.000000000,,train,2674,35,1.163659365,0.826607769,0.318431152,0.825571831
gap_expt_ev,mechanism_full_low_capacity,ridge,ridge;alpha=10,10.000000000,,val,944,35,1.074685457,0.739752415,0.375941193,0.762448245
gap_expt_ev,mechanism_full_low_capacity,ridge,ridge;alpha=10,10.000000000,,test,986,35,1.366313193,0.947141790,0.270373918,0.969346974
gap_expt_ev,mechanism_full_low_capacity,ridge,ridge;alpha=100,100.000000000,,train,2674,35,1.173122168,0.827634026,0.307301134,0.832285327
gap_expt_ev,mechanism_full_low_capacity,ridge,ridge;alpha=100,100.000000000,,val,944,35,1.077522880,0.734998038,0.372641518,0.764461288
gap_expt_ev,mechanism_full_low_capacity,ridge,ridge;alpha=100,100.000000000,,test,986,35,1.371507914,0.940831240,0.264815296,0.973032430
gap_expt_ev,mechanism_full_low_capacity,lasso,lasso;alpha=1e-05,0.000010000,,train,2674,35,1.162287548,0.827821654,0.320037184,0.824598579
gap_expt_ev,mechanism_full_low_capacity,lasso,lasso;alpha=1e-05,0.000010000,,val,944,35,1.080623704,0.744700298,0.369025581,0.766661204
gap_expt_ev,mechanism_full_low_capacity,lasso,lasso;alpha=1e-05,0.000010000,,test,986,35,1.369858159,0.951446424,0.266582906,0.971861992
gap_expt_ev,mechanism_full_low_capacity,lasso,lasso;alpha=0.0001,0.000100000,,train,2674,35,1.162293883,0.827717885,0.320029771,0.824603074
gap_expt_ev,mechanism_full_low_capacity,lasso,lasso;alpha=0.0001,0.000100000,,val,944,35,1.080188091,0.744382841,0.369534186,0.766352153
gap_expt_ev,mechanism_full_low_capacity,lasso,lasso;alpha=0.0001,0.000100000,,test,986,35,1.369520259,0.951096203,0.266944682,0.971622265
gap_expt_ev,mechanism_full_low_capacity,lasso,lasso;alpha=0.001,0.001000000,,train,2674,35,1.162924880,0.827029330,0.319291273,0.825050742
gap_expt_ev,mechanism_full_low_capacity,lasso,lasso;alpha=0.001,0.001000000,,val,944,35,1.076667227,0.741525990,0.373637483,0.763854235
gap_expt_ev,mechanism_full_low_capacity,lasso,lasso;alpha=0.001,0.001000000,,test,986,35,1.366632461,0.947769005,0.270032893,0.969573482
gap_expt_ev,mechanism_full_low_capacity,lasso,lasso;alpha=0.01,0.010000000,,train,2674,35,1.176058052,0.829025647,0.303829664,0.834368226
gap_expt_ev,mechanism_full_low_capacity,lasso,lasso;alpha=0.01,0.010000000,,val,944,35,1.083072031,0.736529839,0.366163193,0.768398198
gap_expt_ev,mechanism_full_low_capacity,lasso,lasso;alpha=0.01,0.010000000,,test,986,35,1.381666530,0.945109535,0.253884089,0.980239580
gap_expt_ev,mechanism_full_low_capacity,lasso,lasso;alpha=0.1,0.100000000,,train,2674,35,1.217390524,0.851194220,0.254036071,0.863692034
gap_expt_ev,mechanism_full_low_capacity,lasso,lasso;alpha=0.1,0.100000000,,val,944,35,1.128492728,0.769071030,0.311886144,0.800622446
gap_expt_ev,mechanism_full_low_capacity,lasso,lasso;alpha=0.1,0.100000000,,test,986,35,1.440730088,0.983735044,0.188730631,1.022142916
gap_expt_ev,mechanism_full_low_capacity,lasso,lasso;alpha=1,1.000000000,,train,2674,35,1.409519222,1.111659645,0.000000000,1.000000000
gap_expt_ev,mechanism_full_low_capacity,lasso,lasso;alpha=1,1.000000000,,val,944,35,1.360703707,1.076982311,-0.000437377,0.965367258
gap_expt_ev,mechanism_full_low_capacity,lasso,lasso;alpha=1,1.000000000,,test,986,35,1.611991946,1.229949836,-0.015606710,1.143646656
gap_expt_ev,mechanism_full_low_capacity,elastic_net,elastic_net;alpha=0.0001;l1_ratio=0.2,0.000100000,0.200000000,train,2674,35,1.162290719,0.827745278,0.320033474,0.824600829
gap_expt_ev,mechanism_full_low_capacity,elastic_net,elastic_net;alpha=0.0001;l1_ratio=0.2,0.000100000,0.200000000,val,944,35,1.080274306,0.744463501,0.369433541,0.766413319
gap_expt_ev,mechanism_full_low_capacity,elastic_net,elastic_net;alpha=0.0001;l1_ratio=0.2,0.000100000,0.200000000,test,986,35,1.369644703,0.951233757,0.266811455,0.971710553
gap_expt_ev,mechanism_full_low_capacity,elastic_net,elastic_net;alpha=0.0001;l1_ratio=0.5,0.000100000,0.500000000,train,2674,35,1.162291641,0.827734009,0.320032395,0.824601483
gap_expt_ev,mechanism_full_low_capacity,elastic_net,elastic_net;alpha=0.0001;l1_ratio=0.5,0.000100000,0.500000000,val,944,35,1.080243490,0.744434628,0.369469516,0.766391456
gap_expt_ev,mechanism_full_low_capacity,elastic_net,elastic_net;alpha=0.0001;l1_ratio=0.5,0.000100000,0.500000000,test,986,35,1.369597231,0.951182548,0.266862279,0.971676873
gap_expt_ev,mechanism_full_low_capacity,elastic_net,elastic_net;alpha=0.0001;l1_ratio=0.8,0.000100000,0.800000000,train,2674,35,1.162292900,0.827723840,0.320030921,0.824602376
gap_expt_ev,mechanism_full_low_capacity,elastic_net,elastic_net;alpha=0.0001;l1_ratio=0.8,0.000100000,0.800000000,val,944,35,1.080210067,0.744403867,0.369508532,0.766367744
gap_expt_ev,mechanism_full_low_capacity,elastic_net,elastic_net;alpha=0.0001;l1_ratio=0.8,0.000100000,0.800000000,test,986,35,1.369551061,0.951130946,0.266911707,0.971644118
gap_expt_ev,mechanism_full_low_capacity,elastic_net,elastic_net;alpha=0.001;l1_ratio=0.2,0.001000000,0.200000000,train,2674,35,1.162539126,0.827153241,0.319742795,0.824777064
gap_expt_ev,mechanism_full_low_capacity,elastic_net,elastic_net;alpha=0.001;l1_ratio=0.2,0.001000000,0.200000000,val,944,35,1.077550352,0.742372397,0.372609527,0.764480778
gap_expt_ev,mechanism_full_low_capacity,elastic_net,elastic_net;alpha=0.001;l1_ratio=0.2,0.001000000,0.200000000,test,986,35,1.367903918,0.949320879,0.268674000,0.970475533
gap_expt_ev,mechanism_full_low_capacity,elastic_net,elastic_net;alpha=0.001;l1_ratio=0.5,0.001000000,0.500000000,train,2674,35,1.162646602,0.827083720,0.319617010,0.824853314
gap_expt_ev,mechanism_full_low_capacity,elastic_net,elastic_net;alpha=0.001;l1_ratio=0.5,0.001000000,0.500000000,val,944,35,1.077230950,0.742059217,0.372981408,0.764254175
gap_expt_ev,mechanism_full_low_capacity,elastic_net,elastic_net;alpha=0.001;l1_ratio=0.5,0.001000000,0.500000000,test,986,35,1.367436848,0.948748556,0.269173337,0.970144164
gap_expt_ev,mechanism_full_low_capacity,elastic_net,elastic_net;alpha=0.001;l1_ratio=0.8,0.001000000,0.800000000,train,2674,35,1.162799109,0.827040738,0.319438503,0.824961512
gap_expt_ev,mechanism_full_low_capacity,elastic_net,elastic_net;alpha=0.001;l1_ratio=0.8,0.001000000,0.800000000,val,944,35,1.076896773,0.741747537,0.373370373,0.764017089
gap_expt_ev,mechanism_full_low_capacity,elastic_net,elastic_net;alpha=0.001;l1_ratio=0.8,0.001000000,0.800000000,test,986,35,1.366963218,0.948166109,0.269679512,0.969808142
gap_expt_ev,mechanism_full_low_capacity,elastic_net,elastic_net;alpha=0.01;l1_ratio=0.2,0.010000000,0.200000000,train,2674,35,1.168062205,0.825729757,0.313263805,0.828695478
gap_expt_ev,mechanism_full_low_capacity,elastic_net,elastic_net;alpha=0.01;l1_ratio=0.2,0.010000000,0.200000000,val,944,35,1.075732410,0.735349791,0.374724691,0.763191018
gap_expt_ev,mechanism_full_low_capacity,elastic_net,elastic_net;alpha=0.01;l1_ratio=0.2,0.010000000,0.200000000,test,986,35,1.368090321,0.941748230,0.268474672,0.970607778
gap_expt_ev,mechanism_full_low_capacity,elastic_net,elastic_net;alpha=0.01;l1_ratio=0.5,0.010000000,0.500000000,train,2674,35,1.171654593,0.826630312,0.309033181,0.831244139
gap_expt_ev,mechanism_full_low_capacity,elastic_net,elastic_net;alpha=0.01;l1_ratio=0.5,0.010000000,0.500000000,val,944,35,1.078575452,0.733988320,0.371415256,0.765208047
gap_expt_ev,mechanism_full_low_capacity,elastic_net,elastic_net;alpha=0.01;l1_ratio=0.5,0.010000000,0.500000000,test,986,35,1.371733095,0.941200858,0.264573864,0.973192187
gap_expt_ev,mechanism_full_low_capacity,elastic_net,elastic_net;alpha=0.01;l1_ratio=0.8,0.010000000,0.800000000,train,2674,35,1.174162521,0.827819615,0.306071984,0.833023419
gap_expt_ev,mechanism_full_low_capacity,elastic_net,elastic_net;alpha=0.01;l1_ratio=0.8,0.010000000,0.800000000,val,944,35,1.080933928,0.734997399,0.368663250,0.766881296
gap_expt_ev,mechanism_full_low_capacity,elastic_net,elastic_net;alpha=0.01;l1_ratio=0.8,0.010000000,0.800000000,test,986,35,1.377717595,0.943007941,0.258142936,0.977437961
gap_expt_ev,mechanism_full_low_capacity,elastic_net,elastic_net;alpha=0.1;l1_ratio=0.2,0.100000000,0.200000000,train,2674,35,1.192903112,0.835557447,0.283743894,0.846319152
gap_expt_ev,mechanism_full_low_capacity,elastic_net,elastic_net;alpha=0.1;l1_ratio=0.2,0.100000000,0.200000000,val,944,35,1.098162676,0.745145950,0.348377411,0.779104434
gap_expt_ev,mechanism_full_low_capacity,elastic_net,elastic_net;alpha=0.1;l1_ratio=0.2,0.100000000,0.200000000,test,986,35,1.400895017,0.953160847,0.232972372,0.993881456
gap_expt_ev,mechanism_full_low_capacity,elastic_net,elastic_net;alpha=0.1;l1_ratio=0.5,0.100000000,0.500000000,train,2674,35,1.204620196,0.840734045,0.269604188,0.854631975
gap_expt_ev,mechanism_full_low_capacity,elastic_net,elastic_net;alpha=0.1;l1_ratio=0.5,0.100000000,0.500000000,val,944,35,1.110808099,0.752117190,0.333284046,0.788075878
gap_expt_ev,mechanism_full_low_capacity,elastic_net,elastic_net;alpha=0.1;l1_ratio=0.5,0.100000000,0.500000000,test,986,35,1.419617754,0.965651497,0.212332964,1.007164522
gap_expt_ev,mechanism_full_low_capacity,elastic_net,elastic_net;alpha=0.1;l1_ratio=0.8,0.100000000,0.800000000,train,2674,35,1.212924604,0.847137186,0.259499075,0.860523634
gap_expt_ev,mechanism_full_low_capacity,elastic_net,elastic_net;alpha=0.1;l1_ratio=0.8,0.100000000,0.800000000,val,944,35,1.121662200,0.762013093,0.320190950,0.795776448
gap_expt_ev,mechanism_full_low_capacity,elastic_net,elastic_net;alpha=0.1;l1_ratio=0.8,0.100000000,0.800000000,test,986,35,1.433964615,0.977913939,0.196331963,1.017343072
gap_expt_ev,mechanism_full_low_capacity,elastic_net,elastic_net;alpha=1;l1_ratio=0.2,1.000000000,0.200000000,train,2674,35,1.256327256,0.921343746,0.205555509,0.891316157
gap_expt_ev,mechanism_full_low_capacity,elastic_net,elastic_net;alpha=1;l1_ratio=0.2,1.000000000,0.200000000,val,944,35,1.181998730,0.859887667,0.245087194,0.838582909
gap_expt_ev,mechanism_full_low_capacity,elastic_net,elastic_net;alpha=1;l1_ratio=0.2,1.000000000,0.200000000,test,986,35,1.466540435,1.048594705,0.159402856,1.040454370
gap_expt_ev,mechanism_full_low_capacity,elastic_net,elastic_net;alpha=1;l1_ratio=0.5,1.000000000,0.500000000,train,2674,35,1.356418288,1.056369267,0.073926905,0.962326917
gap_expt_ev,mechanism_full_low_capacity,elastic_net,elastic_net;alpha=1;l1_ratio=0.5,1.000000000,0.500000000,val,944,35,1.300900242,1.012451422,0.085569376,0.922938986
gap_expt_ev,mechanism_full_low_capacity,elastic_net,elastic_net;alpha=1;l1_ratio=0.5,1.000000000,0.500000000,test,986,35,1.568223292,1.182988011,0.038795874,1.112594470
gap_expt_ev,mechanism_full_low_capacity,elastic_net,elastic_net;alpha=1;l1_ratio=0.8,1.000000000,0.800000000,train,2674,35,1.409519222,1.111659645,0.000000000,1.000000000
gap_expt_ev,mechanism_full_low_capacity,elastic_net,elastic_net;alpha=1;l1_ratio=0.8,1.000000000,0.800000000,val,944,35,1.360703707,1.076982311,-0.000437377,0.965367258
gap_expt_ev,mechanism_full_low_capacity,elastic_net,elastic_net;alpha=1;l1_ratio=0.8,1.000000000,0.800000000,test,986,35,1.611991946,1.229949836,-0.015606710,1.143646656
gap_expt_ev,mechanism_full_low_capacity,huber,huber;alpha=1e-05,0.000010000,,train,2674,35,1.274023935,0.749879133,0.183016721,0.903871274
gap_expt_ev,mechanism_full_low_capacity,huber,huber;alpha=1e-05,0.000010000,,val,944,35,1.184092322,0.683537295,0.242410577,0.840068232
gap_expt_ev,mechanism_full_low_capacity,huber,huber;alpha=1e-05,0.000010000,,test,986,35,1.513635457,0.902047707,0.104547792,1.073866488
gap_expt_ev,mechanism_full_low_capacity,huber,huber;alpha=0.001,0.001000000,,train,2674,35,1.273976511,0.749886217,0.183077542,0.903837628
gap_expt_ev,mechanism_full_low_capacity,huber,huber;alpha=0.001,0.001000000,,val,944,35,1.184064206,0.683535935,0.242446553,0.840048285
gap_expt_ev,mechanism_full_low_capacity,huber,huber;alpha=0.001,0.001000000,,test,986,35,1.513607095,0.902071466,0.104581348,1.073846366
gap_expt_ev,mechanism_full_low_capacity,huber,huber;alpha=0.1,0.100000000,,train,2674,35,1.274053330,0.749877062,0.182979020,0.903892129
gap_expt_ev,mechanism_full_low_capacity,huber,huber;alpha=0.1,0.100000000,,val,944,35,1.184091828,0.683532097,0.242411208,0.840067882
gap_expt_ev,mechanism_full_low_capacity,huber,huber;alpha=0.1,0.100000000,,test,986,35,1.513604346,0.902008503,0.104584601,1.073844416
